2746362
2199973
3430715
3122294
2147849
3372564
2912739
2683463
2634381
2472042
3047508
3369863
2802330
2822277
3139133
1820013
2363124
2282995
1780614
2296425
2167238
1735200
3097665
2778514
1949451
3400451
2784215
3052588
3132965
2942193
2970702
2630139
1833589
2616199
3058272
3331646
2892687
2149076
1673424
2128113
3252552
3273198
2447262
2952846
2423566
2524181
3062978
3229796
3238371
2683988
2847799
2276561
2645485
2735989
3380637
3159257
2670393
2515165
2950463
3438182
2203589
2862393
2240826
2251340
2226369
1822342
1634382
3259032
2513505
2827829
2378027
2774315
3148641
2958124
1955457
2744536
3109054
2812308
1731900
1629611
3125231
2791566
1689707
3102050
2611253
1685101
3154960
1651542
2715558
1773815
2706592
2267999
2456569
1900055
3118087
1968047
3211388
3135767
2069509
2993652
3309215
2514206
2447822
1646167
3410615
3188608
2200392
2149232
2556369
2194834
3353126
3353386
2182419
3314542
2226723
2837982
2497787
1677141
3072722
3245609
2623883
2357411
2881491
2961765
1690828
2222423
2597603
1665862
2678392
2750876
2161837
2055928
2437078
3390289
2392351
2682904
2827825
2209432
1944493
1773878
3417591
3373073
2402847
2765828
2850601
1718036
2895187
2043554
2883507
2505047
3237119
2718981
2479417
1904626
1704315
2859139
2197082
2733246
2043470
1888450
1839368
2294937
3260066
2617609
3220558
2259332
3146389
2556900
2726960
3344235
3162754
2965294
2997933
2634989
2575885
2854211
2595098
2657189
3290249
2586071
3136799
2590039
2614456
2212292
2559509
2628693
3010430
2835999
3074828
3106752
2431574
3263961
1664726
1656428
1882945
2458924
2756758
2603815
2834529
1680403
3116099
2158002
3005329
1782775
2063838
1866745
3383025
1836098
2403730
2687447
2250324
3417960
3124885
3302948
1926920
2832550
2993421
2006018
1655538
2876819
2844432
2703532
2550684
3418514
2529441
3102678
2412157
1869328
2182156
1703368
1838294
2086250
3447506
1798557
3402712
3434153
2599348
3245336
2293196
3188492
2241147
3154065
2443693
2786462
3399240
2350321
2366691
3233670
2477787
2295398
2047604
2076166
1655298
2605788
3325619
2460925
1955515
1725928
1753781
2302595
1661987
3118369
2198287
1731685
1928169
2988569
3363916
3139904
2382496
1880679
3444430
2171766
3362170
1957338
2904932
3393919
2504205
2367225
3397170
3272233
2869055
3192984
1805903
2787221
3036247
3250669
2477548
2635985
3400286
2606387
2262696
2406455
2811491
3391179
3450362
3363662
2463144
3384608
1673874
1644635
2592261
1661784
2926039
2789276
2261918
2499049
2086678
2618807
3406416
1885091
1740216
2908465
3041153
1775449
2371812
1671651
3351813
3199833
3130238
3297914
2520059
1838143
2236317
2736395
2619700
1728969
3041983
2250066
1935304
2903655
2077009
3268558
2855606
2443237
2107616
2640607
3332726
2252318
2118476
2978083
2692820
3348947
2392404
2744236
2591421
2900619
2878152
1674997
3432671
2590583
2269464
3010078
3331321
2109371
1841955
3061120
2038035
2398904
1637337
2412161
3268641
2444091
2597716
2844095
2377685
2241123
3437301
1910157
1861306
3141604
2250549
2682243
2737969
2844554
3190777
2546603
1950761
2824074
2241093
2620406
1875208
2405069
2039910
2316823
2274178
1732879
3160250
2705612
2377001
1849636
1943081
2962262
2696254
2681045
3167681
1890439
3261368
3404340
2990756
2896160
3405853
3158001
2750451
2195865
2563269
2427096
2995904
2928526
3238286
3146385
1921801
3429876
2360337
1777906
2494101
2514495
2408208
2882401
2768722
2833806
1736769
1858299
1744461
2855608
3291356
1648490
3238287
2386382
1817363
3439461
3042684
3329719
2988441
1891236
2984772
2379992
1889336
2737077
2688654
2853938
1681678
2460924
3278797
2411988
1635166
1709029
2403638
3097996
2896969
3296812
1922293
3369213
2519919
2330885
2865308
2495659
2913773
2578930
3184864
2247432
3063593
2417729
2659559
1888141
1659385
2633568
3025322
2412490
2228753
2454613
2457772
2642761
3429651
1873925
2737589
2786809
2043756
2739118
2019231
2503514
2389796
2206506
2369702
2911464
2950314
2386327
3422835
2947895
2176258
1890602
2583563
3150558
2407282
2744506
2797070
1689102
2187503
2215468
3079038
1870583
2602411
3265316
2744252
2675769
3379684
2639371
2308978
3414795
1840115
3045694
2927809
2594749
2640078
2310360
2864327
2990301
2971596
1834340
3365416
1934150
1996725
1800787
2507914
2128246
2947495
3435360
3146349
2184301
3133052
3226375
1877035
1968548
1625690
3281695
2501054
2044571
3383036
1743242
1892883
2415017
2995168
2111435
1593831
3449100
2845959
1860857
2681046
2635258
2667097
2183882
2779497
2618978
1709020
2030421
3272329
3435357
2181830
2449892
2657131
2485218
3354911
2586072
2239664
2517258
3089830
3148504
1693878
2481669
2248029
2771765
2369188
3204318
2986209
2495563
3146388
2664423
2589494
2788970
3411555
2878729
2606049
2602117
3157981
2797041
3161046
1784022
3321836
2038839
1691734
3439844
1811345
2283443
2348187
2055856
2475947
3146353
2159674
2775085
1670022
2918062
1925059
3029684
2087457
2584680
1732372
2383594
2946254
3295747
2993360
3180033
2717734
2508221
3392576
2465040
2674333
3084050
2976492
2772498
3402701
2648099
3312414
1697290
2837977
2194262
2088669
1801097
3224650
2992278
2405654
2511721
3369038
2557009
2443607
1921691
3301192
3268553
2440896
2311956
1666247
2292858
2649444
3066400
2897214
2611479
2603111
3173947
1823562
3067967
2206582
2634930
2440783
2789715
1669419
2918721
3330586
3245617
3233395
2088574
3309952
2222019
2124078
2372541
2277776
3447673
2288641
3016777
2762521
2468151
2301207
1651898
1686428
2891951
3341795
3022022
2375270
3229153
3448978
2240479
2943600
2134740
2615507
3411845
3095007
2380944
2792576
2192835
3142632
2787489
2480924
2167993
1668794
2331872
1821283
1959022
3450767
1828654
3396699
2495193
1922505
2267968
1810374
2250062
2767606
1785657
1746140
2979142
1672570
1647641
2794127
2645895
2397741
2410972
1907466
2505993
2683442
1785773
3394434
2756833
1732870
2149084
2512215
1938739
2268340
1659039
2811326
2934841
2360449
2855849
2864984
2794175
3369754
2576592
2134742
3184660
1868467
2041114
2174083
3427930
2900728
2824762
1796833
3430410
2865378
2089202
1744723
2678386
3137823
1847184
2527973
2269216
2930604
1707246
3433749
1891082
3368132
2776351
3320175
1876732
2252965
3445468
2165776
2698756
2166361
2519177
3250530
2597399
1870181
1666316
2189945
2519166
2294146
3260241
1902920
2894614
2669455
3012974
2171764
2414763
3342346
3374977
3403195
2387490
3302987
3364130
2291982
2882201
1813383
2203029
2612298
2646308
2596030
1887366
2472827
2433977
1789455
2031932
2993810
2622836
2545713
2448438
2925076
1651539
2155495
1828062
3016989
2326240
2832302
2205660
3280255
3375309
3125906
2425685
2471785
2480292
2252246
2910680
2844086
2066365
3281689
2641955
2831956
2458598
1934398
1945826
2007067
3418400
2547615
2705716
2515169
2816786
2361155
2884970
3269005
1924879
1682687
3166538
1893177
3309976
2381926
2358911
2407511
2785923
2066637
2200395
3221506
2312886
2393505
1838127
2878862
2740230
3092084
1796408
1623739
2420696
3309209
2661833
2182389
2979714
1641655
2633920
2264722
1825229
2961292
2930737
2959296
2535506
2842907
2072869
2696955
3092765
2050654
2955536
1867890
3430711
3337686
3321039
1868466
2724113
2206261
2533644
2590062
2466065
2670276
2897719
2660285
2766966
3272828
1659050
2410194
2910045
2760115
3132963
2278444
2867878
2736357
2249849
2193100
3021944
2642215
2546639
2721503
2933355
2769750
2602395
2636353
2678057
2534805
3382241
2293954
2884982
1645040
1878361
2824841
3072724
2704396
2264896
1808368
3325294
2693724
3363755
2669461
1800368
2384929
2362189
2534706
2162034
2838999
2263064
2692105
2396688
2074452
1844909
2780538
3042933
2594674
2272863
2229367
2590179
2405068
2456652
2515617
2885974
2656723
2666509
2260700
1669991
2305723
2675311
2603851
2463856
1836258
2955256
3423123
2849902
2136355
3201322
3429883
3387849
2468672
1707773
1962481
3189240
2395672
2426820
2344491
1775551
1841248
2348516
3165855
3093683
2757446
3081103
2530231
3273955
2803871
2264036
2884976
3421480
3374922
2259682
2888000
2938276
1668503
2924718
3151071
3097247
3445052
2778075
3268293
1853830
1694569
3068578
3234365
2799058
2240481
1945038
2523174
2733416
3141788
1592325
2360543
2522721
3133306
1807885
1649041
2602412
3232008
2677769
2645529
3043883
3266708
2523677
1862191
1856140
1654404
2625239
2844079
2642638
1655644
1870907
2928523
2305795
1775992
3014030
2415093
2355906
3125715
3132243
2196667
2733241
2406964
2914546
1678863
2406973
2072361
2671435
2963429
2294940
2926531
2551313
2593756
3060513
2250596
3418877
2432092
1813883
1894034
1648350
2864979
2861271
3374265
1687218
2661550
1938727
3172700
2490792
1637795
3445469
2504884
2307056
1803239
3039001
1630859
2960227
2797400
2835811
2781776
1683193
2193678
3073919
2495166
2506464
2545554
1840838
2468233
3267825
2790222
2541897
2421110
2969563
2799777
2291774
3045025
3385679
2041195
3104577
2430558
2342051
2037735
3100496
1710636
2806565
2885830
3368603
2348524
3276537
1865558
3401014
2139783
2649195
3440499
1921800
1818539
3103708
2716087
2758956
2781934
2883183
3124985
2672626
2250054
2607046
3165193
3399649
2906498
3166908
2280382
2920917
2703545
2593795
2127751
1677902
1783124
2840230
1663402
3357598
1946677
2887087
1786671
2382478
1720664
1836749
3059911
1794494
3366623
2303425
3107160
2922706
3245936
1654277
2190385
2444488
2912142
1857584
2484078
2997815
2854981
2526636
2553934
2181068
1861593
1897298
3138158
2376857
3245355
3010429
2257241
2504958
1853280
3279818
2881284
2686474
2418119
3027964
2902052
2073631
1820421
2390671
1674294
3276027
3398693
1720482
2308149
3117927
3202654
1935308
2113072
1646985
3331644
2964453
2283006
2004996
1639566
2272551
1819639
2240520
2899261
1678800
2331887
1937785
2578170
2982767
2548308
3296299
3295740
1738553
3213841
3172928
3141254
2245847
3088244
3060310
2494579
2748867
2395441
2463143
2801171
3234526
2494770
3102038
2902767
2572856
2496277
1931071
2061812
2203377
1711249
2872365
2033211
3227641
3255663
2374223
2895217
3440322
1708036
1847602
2742816
2220688
2496297
2262735
2518952
2813137
2850134
2460996
2179852
2793349
3414727
1751372
1855909
1711201
2213840
3146002
1722226
3251069
2075755
2270824
2538018
2938471
1756666
2187049
2989938
1786026
3197021
3432663
3138163
1893201
2410863
2322041
2756870
3407614
3222997
1939896
3371071
2792696
2032180
2894803
1865562
1951410
1768871
2198532
2496737
2350735
1659580
3349776
2842906
3193256
3375895
1812101
2323374
2812183
2315481
2370985
2291980
3382964
2518829
2942918
1672664
2284300
3202652
2668345
3243325
2176098
1817085
2871733
2191659
1804827
1890235
2344373
2519169
2972911
3058284
2878867
3214014
2660399
1751990
1816584
3385801
2345945
2602109
1689799
2243540
2738062
3384618
2685006
2345333
2877200
2865742
2650892
2737072
1730182
2214385
3192207
3245359
2398994
3290330
3151511
2165208
1671613
2626060
2381934
1814068
3299743
2203157
2389820
2187074
2269086
2490980
2686063
2176447
1722239
2852595
3188507
2706604
3264825
2913017
3356652
3144942
1704834
2176116
2768719
1630529
1655914
2075320
2909539
3028943
2803870
2429643
3413282
2086235
2700984
1654403
2786682
1910481
3181726
2340975
2025374
2368769
2867876
2414765
2921665
2504472
1745901
1767241
2669769
2911621
3219237
1680047
2781781
2728036
2411866
2696223
2952407
1891234
3213254
2396689
3063582
2209300
2575545
2002033
3355741
2844553
3034864
2371109
3400497
2856862
2725897
3147543
2790650
3183636
2751645
2521717
2317919
2869060
2864046
3324628
1678222
2860374
2796177
1796926
1669555
2877698
2538037
3057534
2402739
2524729
2524166
2402092
2436383
2687005
2023185
2429971
2818361
2240868
1819021
3424347
2668961
2758497
1811735
2536209
3174709
2505996
2341625
1734369
2328700
2814154
3225700
3436850
2599797
2672002
2832847
3043092
1737198
2817602
2773886
2756165
2062181
2040124
2423041
1618523
2819781
2112268
2389286
3231233
2672659
2311831
3333207
2266176
2518846
2589735
2464603
2569399
3413813
2742316
2241152
2867873
3383329
2805035
2755945
2988092
1721672
1955699
1808369
2247121
1673079
3218057
1701366
1973815
3233374
1754392
3312890
1894320
1959363
2805691
2588989
3425289
1951769
1690923
1955149
1810916
1938716
1728527
2585850
1832474
1738960
3153139
3168878
1816525
3221805
2788114
2244090
1740881
3152223
1875944
2793070
2912521
2876055
1996683
2887717
2392227
2267031
2803483
3430663
3419675
2965265
1859194
2709166
1928318
3283574
2775866
2968439
2567131
2675114
3313159
2848281
2983115
1904838
1629715
2152831
3252160
2683153
2050731
2431573
1651808
2391994
2833118
3211586
2203156
2218159
3131501
2755307
1667774
2626506
2929228
2925703
3117233
1829487
2787020
2369196
2589731
1700102
2147836
2207823
3154744
1736543
2639254
1869207
2890836
3354310
2988204
3407478
2453445
1816298
2187731
1823664
3155109
2267181
2734249
3314420
3419264
1958624
3159864
2228661
3025318
2154115
2917370
2650441
2499977
2166319
2311830
2801468
2573858
3450219
2263238
1853279
2068054
3309966
2755946
3127954
2174264
2712488
2772517
3208013
2810463
2715057
1790983
2454931
2563741
2092057
3238294
3370270
1666764
2351890
1758422
3245610
2988435
3117929
2634753
3384614
2982556
2976668
2872359
3240662
3014463
2534357
2277634
3285049
2791812
3248161
2398913
3164048
3125447
2976666
3357734
2224283
2567769
2873182
3058828
1952280
3335646
3263059
2675360
2680695
2145697
1784171
2451456
1842851
3246685
2586290
3066133
3377874
3346770
2842909
3187509
1944118
2467429
2695881
2203137
3091691
1689046
2692750
1902918
2279509
2484863
1778658
2206082
3053456
1694008
2983602
2428087
2077533
1746042
2088572
1703152
2354546
1955909
2772042
2919299
1635519
3357567
2154892
1623104
2924329
1640946
3189215
2460740
2722408
2559517
3420522
2380239
2605430
1740057
1821704
1788718
2202093
2794378
2296851
2586261
2694167
2979712
2280498
1878364
3265487
3135951
2382467
2164971
2367192
2131595
2412901
2262356
2232452
3071096
2003172
2418316
2739147
2363158
3272067
2894820
2706088
2329554
2848189
2829739
2834800
2405728
1810631
1655686
2224716
2757444
3279816
3302848
2713000
3034822
2300589
2753433
1856357
1731548
2882557
2889149
2240523
2706165
2566938
2079314
2627300
2634781
1943076
2220667
1848532
2735288
2308475
1877743
3403589
2281821
3169847
3376502
2954394
2459761
3245940
3283315
2612674
2299914
2929936
2929231
3423848
2387817
3070472
2962961
1817563
3156903
1851769
3322903
2383134
2749243
2950046
3353907
3031210
2887580
2488674
3395040
2641384
3402069
1641108
3346225
2148377
3424567
2536042
2266219
2801399
2174730
2917668
2855312
2778066
1669026
1890984
3147500
2529331
2299972
2865355
2936328
2757115
3207516
1810843
1873911
2877203
3127955
2246375
2389936
2676454
3354070
2451337
2248437
2616966
2728363
2517305
2139768
1885088
2638145
3388355
2490410
3036181
2736040
3308344
2459955
2496262
2199888
2776006
2411553
2760111
1673760
2561217
2848668
1623571
1874423
2249757
2480297
2202089
2890509
2922222
3072611
2161729
3173247
2782833
3219886
1776872
2602394
2787977
2869379
3100386
1662496
2781346
2940142
3361684
1676945
3082427
2657086
2553567
1558511
2415845
2041788
2316932
2786604
3350260
2135943
3245343
2538554
2387847
2797022
3211346
3029399
2442965
3222064
2389945
2866142
2168857
2088664
3360193
3416940
2280866
2739578
1652648
2307371
3081101
2416048
2089609
1693422
2272025
2086472
2838360
2897963
2393874
3349462
2765827
3409049
1835668
2896903
2176595
2198884
2931550
2783614
2976317
2557848
3260088
1804493
1842673
3079077
2360389
2021842
3440733
1907358
2496684
2198728
3311780
1824434
3188481
2512220
3274289
2166325
2979080
2735084
3109517
1850384
2256098
1771176
2171493
3311549
3066396
2501052
2508551
2205239
1736623
3329275
2509953
3335514
3227568
2844890
3335634
2321510
3133095
1903768
3377461
3181535
3191330
1855345
2851936
1801320
2818506
1778518
2639775
2697912
2320826
3173481
2056512
2964202
1895277
2592124
2563634
3059923
2741086
3402786
2477480
2480937
2858796
2433894
3214185
2664013
3411595
3068589
2998340
3194100
2445291
3112155
1789696
2373640
2212528
1828052
1878365
1955514
2179514
3005340
2718816
2722459
1710294
3294236
3325610
2666335
2001268
2312775
2589302
3387531
3418492
3121897
2497186
1905586
2658010
1817575
1773879
2792393
2798923
1828271
1852717
2660287
3402404
1995622
1855215
3189764
2466067
1817572
2332663
2220693
3446175
2788169
2698231
2152195
1656962
3035774
2347879
2419856
3415459
2683407
2405022
3062589
2388400
2560383
2858955
2108145
2946692
2413931
1839337
1709230
2353254
1825889
2876057
2788200
3269009
2684631
3390808
3402117
2780549
2639771
2050400
2593541
2857759
2221844
2269674
3149944
2754915
2503845
2444288
2816566
2578747
2373896
1779944
2915415
1837820
1635044
3403880
2469292
2440942
2957262
1659052
1903778
3301787
2757830
3165198
1923880
1835365
3252155
2671491
3233665
1771223
2926685
2408816
2414114
1829895
3288658
1925811
2489847
1935726
2032724
2370245
2684943
3200623
3446170
3006260
1847700
1828752
2914107
2534448
2124263
3257100
1673739
2538176
2972539
2653715
3050873
2258044
1725909
2983351
3224485
2695382
2120448
3185097
2155485
2973808
2302983
3044631
2894908
2541892
2294975
3304235
1824905
2903955
3353902
3356151
3229112
3159862
2370170
2209946
3191637
2594675
1781130
3361611
2550223
3368358
2901710
2525121
2978359
2660286
2488629
3166189
2777707
2455559
2057554
3361638
1810920
3071457
2461572
2775871
3121983
2954961
2501027
2162031
2433291
3151932
2508636
2375944
2673101
2959410
2872033
2471064
3410803
3333683
1870104
2873711
1945466
3126365
2930603
1731775
3447671
2519928
2185921
1882942
2399852
2443641
2605746
2808513
2327847
2788112
2200056
2909089
1875198
3017482
2957450
2113461
2305730
2797875
3270243
1890792
2495011
2775863
3415844
1911889
3387835
2255956
1921707
2950305
3407893
2668573
3299895
2706115
3138669
2894916
2162310
2614459
2795161
3415082
3168869
3339589
2516562
2901705
3371978
3383027
2205186
2283427
2240521
2132528
3301897
3413281
2676155
3410974
2754153
2604632
3443196
2677640
3349546
2432857
3135770
2876789
3441565
2389931
2455750
2071950
2301989
3047509
2349256
2073133
2130849
2495157
3376499
1871878
2673580
3354909
2349591
2539324
1817548
2220704
3173245
2986855
2319367
1678297
3361558
3188493
2397448
1853854
2507850
3410676
2291181
1672600
1810642
2156474
1824813
2420694
1957040
2718547
2274100
3031727
2273404
1968156
1998183
3194458
1862028
3028034
2681277
3184659
3406306
1664341
2663575
2044246
3256587
2033849
3272827
2591236
3011337
2611472
3415233
2920174
3343038
2203991
3391619
2514284
2737961
2278460
2379991
3272612
3421577
2433478
2246564
2429645
3237989
3160004
1831098
2971659
3380566
1842382
2466070
3192992
1889701
2876059
3384034
3392927
1700480
3402122
2387486
2193286
3184489
3363651
2136349
2900286
2716616
1923756
2624254
2142178
3020760
1661794
1735009
3026039
2344117
2606676
3344679
3424366
1811298
2344562
1981182
2706166
2758362
1948636
3274287
1971712
1893323
2979559
2450381
2477803
3426789
2889223
2606372
2357937
2495609
3196289
2877627
3435389
2738864
2518064
3030902
2819793
2124526
2906259
3272580
2616211
1873121
3172560
2568987
2391359
2735473
2862367
2164104
2313715
1973368
3357114
3235817
2965845
2634920
3095669
2294482
2054768
2458922
1653476
2280496
2408896
2206995
1665263
2388424
1724876
2179516
1875175
2464602
3028119
2890832
2820661
2268521
2596983
2590609
2214559
2531406
3118091
1801611
2515319
3370918
3266449
3244529
3422954
1610404
3313262
1875206
3230357
3133783
2149226
1696602
3116842
3081106
2742542
2368724
2596953
2340983
3121670
2025080
2901714
1708549
3141811
3444135
2166358
2905017
2477802
2622837
2203166
2291442
2965663
2170221
2443614
2319368
2360387
3205595
2789716
2066513
3217023
3296361
2732428
2142271
2557761
2255969
2706073
2498274
3160424
2398272
2758799
2263875
2320064
3450963
2507854
1633299
3038644
2959290
2417760
2933392
1809009
2481867
3379391
3136806
2935670
2354375
2687878
3149142
2616210
2246563
2490127
2771493
2612680
3188060
2621920
2394817
2197895
3429396
2128114
2989193
3402137
1727446
2403301
2867880
3233388
1803418
2309351
2761709
1711798
3317540
2774941
2715405
2156244
2031618
3429678
2979081
3246274
2610328
2361308
3387677
2888375
3435088
2384817
1812862
2786810
1669197
3208462
1855315
3160278
2369194
3200618
3018737
2510300
2864289
2897597
1911981
1634014
2858956
2465835
1746062
2782464
2122129
3046790
3203171
2258001
3188323
2862683
2474386
2465796
2197876
3184110
2077001
3421881
3021638
3090658
1698179
2883187
1657013
2358740
1931076
2912522
1672263
3025323
1675002
3179080
2167657
1722841
3144662
1922263
1937377
2766101
2642753
1865754
3222093
2506326
2948862
2058909
1800693
2622839
2942305
1859683
3013350
2867571
2731704
1668143
3388039
3432712
3420658
3281023
2360334
1645866
2372749
2403626
1958989
2660278
1661367
2781913
1740237
2383535
2196707
3249021
2685607
3116570
2586113
1648520
3309950
2723555
2603280
2206085
3317151
1941289
3080535
2605791
2585345
1907465
2937896
3420028
2866561
3425251
2578750
2490132
1694070
2387431
1693667
2589789
2049081
3184249
1861702
2345634
2401626
2932317
3068585
3178369
2834796
3180219
2949508
2218990
2838679
3118788
3072723
2843648
2910043
3307982
2213937
2480315
2360450
2373878
2815497
1759965
1718816
1718238
2702357
2283845
3020090
3341757
1769136
2128053
2551069
2751694
1714255
3349354
2674215
3017601
2434916
2644248
3060064
1940499
2867001
2255613
3043888
3190698
1678352
2454982
2842912
3112164
2463439
2255995
3378507
2370222
2500143
3166772
3018528
3289810
1767472
2455352
2176961
2535507
2640608
2677754
2676181
2699118
3384787
3180860
2059463
2777366
2282716
2888001
2165251
2694235
2705704
2724110
1737644
1779455
2262178
2582159
1683455
3059607
3189217
1690803
2473957
2933781
2684579
3068320
1826898
2702253
3197697
3262169
3167283
2796180
3321025
3392616
3430005
2800404
3199617
1722557
1797958
2230189
2941562
2787175
1637813
2841351
2708805
1870671
2807522
1703960
3123400
2055277
2371400
2642401
1960521
2393088
2434358
2543535
3146371
2413637
2465403
3141600
3016696
2697829
2827887
3019160
2364561
2150432
2568605
2540525
3214044
2981717
3291354
2129562
2090139
2980616
2398274
1931562
2976665
2219890
2544752
2391141
2050648
1898941
3413938
3136236
2839236
3170049
3442679
2162313
2118508
2985408
3047940
2827873
2795814
1760398
3005286
1646051
2146904
2167239
3016292
2670260
1822697
1796406
1880753
2813155
1820952
1895273
2511457
3225940
2280495
1649255
1980029
2663997
2795721
2586647
2792342
1662168
1640859
3130236
2435942
3177342
3219948
2441630
2590178
3013043
2190534
1825898
1961337
2204751
2726187
3089298
1850395
2176088
3160636
2743847
2568203
2980638
2986355
2415013
2185919
2570462
2396699
2531694
3395163
2298939
3018735
1736750
2769743
3364085
3279057
3064729
2571748
2569977
2964092
3272331
3286765
3122795
2328980
1909005
2019020
1792224
3355744
2389791
3226354
2149998
2687388
3421190
2553792
2589738
1844005
2361808
2781784
2781771
2402830
2937032
2175824
3009049
2634963
2523187
2430824
1633645
2765105
2364777
3104742
3442012
2417629
2905991
2715859
2369081
1811771
2887581
2620494
2419300
3140631
2797791
3102054
2830324
3229117
1720384
2762522
2010336
2193679
2833807
1794502
2503844
3146386
1739714
3365033
1646663
3420354
2638158
2879741
3040222
3184107
2575464
2377236
2741800
3116830
2513446
2458921
3157726
3141560
2680291
3451456
2519163
2536008
2323373
2639850
2411865
3160329
2433501
3014614
2403714
2914112
2846324
2818505
2271573
2042690
2914636
2330860
2772762
2524868
2791734
2000813
3085918
3357736
2764747
2996287
2896078
3376162
2414139
2972915
2228007
2372543
3254189
2362209
2545013
1910472
3215767
2038204
2286403
2611459
3396307
2518411
2301984
2554082
3108485
3272615
2639761
2056909
1939171
2786806
3045692
1862039
2694191
2075741
2169675
2203598
3020505
2413105
2259170
2330815
1840841
3072138
3156231
2510386
2222702
1659848
1869381
3119310
3207142
3187314
1815639
2667274
2171762
1840096
3353928
2956824
2044019
2088603
1833470
3254366
3441632
2578389
3359399
3224183
1935640
2571754
3270551
2841020
1745976
2929227
1642496
1616179
2516878
3142271
3246271
3414990
2638621
2329550
2844905
2562326
2441964
2050669
2947539
3186816
3276524
2696651
3233660
2356637
2374225
2768795
2291086
3261875
3263703
3008781
2119919
2128115
3158299
2090866
3228107
2656870
3171532
1842427
2505998
2194956
2551836
1880704
2405185
2405944
2752931
2501053
2894191
3091436
3001706
2649293
3081927
2506351
2546416
2500717
2704419
1860144
3238520
2415579
2559902
2712337
2174513
2197847
2173879
2877638
3197685
3266587
2085803
2775159
2785630
2337704
2401494
2731289
2564972
1746591
3070471
2468158
2914612
2561891
2909440
1822344
2426802
3123900
2459756
2976718
2706070
2578933
2257242
2928321
2474216
2964480
2692795
2611598
3135105
2363004
2525846
2523675
3447904
1635810
2796314
2209355
3161366
3448387
2086244
3394578
2020613
3304405
2369712
3413850
2409895
3158003
3296811
2612702
2016084
2231505
2435987
2526803
2889910
2441215
2858169
2287030
2163140
1893197
2560746
2189496
2192813
1711203
2127650
1995969
3195792
2172637
2644198
2514500
2846690
2848270
3350573
2597407
2345804
2231504
3418421
2473564
2433198
3118789
1825777
3263956
2396687
3130240
1626223
2984449
2655032
2389789
2801964
1870876
2360304
1907317
2065211
1730519
2578535
2891979
2708816
3029106
2203982
2024068
3345332
1709624
3043091
2372592
2516560
2345532
2901711
2876302
2697879
1647958
3443670
3295743
2934840
1754638
2605368
3405849
3009737
1960942
1910200
3420663
2901709
2200055
2255614
2959295
3393939
3116123
2072009
3410627
1628486
2966762
3177347
3330207
3025990
2857758
2240824
3369221
2603670
2906261
2180524
3443801
2321511
1670640
2108094
3353334
2685317
2799014
3188322
3428486
2766411
3201517
2931577
1680914
3231309
2797885
3253434
2543381
2820656
2593539
2775637
1834311
2605964
1682298
2743822
1800832
1751235
1961598
3199685
2389159
2490133
1624349
3410490
2383524
2473563
3006037
3079060
2279828
2162920
3169175
2252310
2654900
2266217
2397447
2692800
1957757
2930854
2769456
2112269
2264314
2268764
2965846
2147280
3373428
1980095
2618981
2593815
2257899
2485295
1781001
2905834
2430555
2834208
3378683
2505262
2687421
2660313
3382330
2119542
2970698
1666769
1935639
2590188
2529839
2805420
3403783
3453406
3145677
2953896
2391853
2894616
2304938
2495012
2640998
2037753
2388800
2995884
2897247
2809250
1826690
3098168
2195814
2729140
2480422
2607544
2170223
2567165
3407260
2247093
2430933
2458141
1852060
2671574
2501784
2661091
1826779
2189187
3197251
2518056
2736733
2811965
1950697
2396682
2801472
2564097
2322989
1830268
2119938
2414745
3403113
2414455
2252194
3067125
2198730
3046453
3206350
2584726
3420142
2182177
2690486
2021836
2416221
2654121
2737590
2872346
2915788
2998313
1950768
2834836
2787974
2694165
2617841
2492654
1854194
2822821
3113919
2405370
2205240
1671915
2856041
2358617
2691715
2417631
3224240
1955790
2880838
1677953
2772378
2857180
2397441
2846691
3371418
2194917
2843668
3051420
2504808
1943409
1897020
2624352
1814951
2868920
1728558
1882940
2262632
2110826
2285238
3213553
2301150
2578993
2735307
2240467
2985933
3133552
1681036
2399705
2733247
2772508
3431461
2216194
2393748
3325623
2536200
2088501
3265845
3080484
2369834
1898936
2924295
3141550
2473943
2604952
2819621
2801029
2475309
3116846
2695969
2663284
2476121
2937514
2472307
3138894
2430829
2247535
1658166
2269068
2506345
2988452
3382550
3134159
2983603
2354694
3221744
3147850
2796610
3158374
1683523
2119923
2638144
2502799
2534387
3066091
3133760
3208967
1645310
3376159
1767436
1944123
2130673
2751751
2455769
2624357
2793346
2673426
3050877
2586052
3114937
2922826
2765829
3383123
2400668
2045840
2088408
2465535
3263782
2177081
2294792
3348273
2307332
2561221
2296431
3410972
3331633
2391705
1664553
2473281
2493430
3446448
3377279
3376939
3261726
2657143
3321038
1822182
3346454
3402836
2881485
2438509
3284063
3397748
2406248
1664704
2351528
1672913
1656589
2213335
2313243
1651366
2441374
2389793
1813275
2578745
3107208
2749778
2720428
2292213
1735935
2346754
2674296
2066628
2269684
2325613
2050398
1941523
2249878
2256434
2237307
2817403
1864963
2053422
3182549
2493757
2696956
3121920
2373647
2836171
2594319
2614831
2376836
2977471
1670647
2434220
2825039
3248557
3370193
3255049
2490797
2221078
2797866
3413890
3309959
3221267
2496280
2250618
1735116
3444432
2201333
3415328
3028035
2490062
1753480
2466074
1626427
2833808
2167988
1890597
2480585
2836883
2885979
3105470
3119311
2427222
1711846
2765023
3139350
2527226
3046746
2209590
3441288
2661824
2822467
2411505
3071696
2835807
1875581
2386831
3249189
2605041
3433739
1640317
3115765
2591607
2803482
2847518
2440406
3210105
3427675
2578935
2571010
2511470
1740066
2617584
1975483
2377695
1953315
2002956
2375613
2607447
2311833
2543536
2786846
1721745
3251238
3435422
3378737
3121933
2745418
2868819
3372637
1865919
1817871
3169128
2045614
1969919
2299242
2669160
3068571
1825268
3278800
3196287
3316006
2174525
2780837
2480251
2406844
2578914
2791826
3431757
2243858
1934351
2526585
2684947
2854567
2267446
2519936
1944448
2689749
3433003
2127337
2443986
2315482
1781758
2406640
3065573
2357384
2188119
2508606
1805336
1786024
2563725
2154106
3417301
2161875
2599312
2706155
2754828
3415411
2589827
1742195
2953489
3175395
2444383
2130027
1898537
2775872
1693357
3394062
3440917
2918736
2137744
2389155
2501050
2409423
2049082
2641325
2859134
3349582
3170112
2799747
2433895
1702682
2291756
3385851
2744516
1910327
3120646
1941976
3276692
2639534
1664471
2481670
1774469
1792238
2794379
2164985
1816624
2144363
2251298
2556246
2683093
2706753
3380585
2360386
3194024
2891682
2907457
2390575
3224249
2903890
2276575
1891089
1826741
1955778
3154419
2421096
2494559
3442815
2403639
1734659
2651724
2010447
2974255
2479136
2268766
2341716
2471986
2474390
2852601
1693352
1925827
2194630
2162191
2325619
2934894
2641394
1814078
2334765
2501697
1743125
2885808
1650477
3182854
2494790
2778490
2076632
2925390
2831051
1707723
3285565
2411861
2979555
3436518
1811330
2176135
3149729
2030273
2314410
2494859
3438014
2803557
1758865
3320184
2637222
2399941
1893317
2890899
2194040
2681274
2169627
3402410
2484413
2964451
2602461
2688884
2231897
2571026
2930046
2416250
3438073
2848312
2635722
2739802
3236439
1599989
3402477
1768680
2309449
2160972
2836069
2663581
3375258
2254401
1848124
2665713
1673426
2417423
2466075
2541476
1932253
1960974
3408577
2947647
3161044
2925424
2587453
2746128
2953526
2175676
3305494
2516358
1673037
2495014
2514888
3304470
3038992
3151416
2607461
3316142
2286677
2543277
2866075
2418694
1903480
2012337
3071097
2602410
3275818
2883900
2367886
3029673
3431590
2653103
2175532
2615510
3191962
2823217
2880801
2920175
2565591
2651361
3229333
2203837
3440638
1833062
2190669
1731677
2241125
1739664
3302205
2459089
2110674
2839448
2349009
2961235
3229152
3115252
2203161
2478959
2925838
2917303
2893594
2538760
1725048
2519929
2683950
3258464
3077998
3132964
2389915
1937112
2686102
2590301
2169739
2522489
2495154
1838114
3144571
3259387
2702826
1828126
2310369
2517675
2410170
2360444
2816268
2391395
3060296
2879587
1932267
1814742
3159153
2638143
2358865
2319044
3333138
2240589
2803609
2249041
2418677
2737874
2907829
1957022
3042116
2862684
2290239
2086531
2548281
3071093
2891603
3150940
2737970
1652704
2837981
2890498
2262631
1703373
2290847
2483340
2775455
2739145
2808952
2852139
2724114
2631922
2345812
2156313
2632715
3394414
3416819
1665340
3384272
3107139
1653097
2237417
1886003
2735291
2356076
2152650
3139900
1886668
3262881
2700562
1720279
1959360
3211350
2703798
2353943
2861319
3310608
2868852
3024320
3192796
2925824
2560753
2614718
2802874
2988760
2463142
3061417
1926096
2073589
3257179
1691480
3011350
2511472
2086481
2780394
1660957
2005437
3351899
1667791
2748496
2037338
3018416
3271919
3199694
2279982
2499319
2155382
3353397
2863646
2167240
2090562
2944246
3348928
3366847
1644741
2244417
2732818
2337373
2064781
2175025
2426235
1681665
1745520
1670234
2675023
2482169
2359634
3171802
1737274
1623567
1694144
2388425
3426571
1683238
1935269
3432798
2932962
2959279
1834196
2368830
1903140
1821477
2224014
1768130
1735938
3340780
2301486
2464271
2304208
2854988
2241129
1696039
2255962
2612681
2391361
3386117
2942192
2812214
2927786
2883952
2768983
2626618
3426976
3393299
1576108
1895259
2400681
1951413
1960158
2174089
3067123
1653435
1877033
1742875
1820014
2509955
3039029
1854158
2625878
2401736
3395200
3236070
2676328
3218126
2995169
1650321
2778053
3157997
2138497
3410852
2633322
2774806
1950372
3444791
3075159
2176113
2119512
2872363
2205735
3117064
2497182
2028572
2649967
2739082
2864047
3411585
2063306
1657018
2421093
2755210
2926070
3192335
2659577
2733421
2366700
3037889
1795988
2398661
2201996
1775351
2773063
1966037
1752330
3190674
2532043
2669151
2389792
2357044
2373646
2482116
2926131
2264894
3328733
2790563
3354492
3443493
1807899
2370229
3377918
2548043
2596871
2801967
2357420
2019012
2799979
2478438
2628720
2991186
2677637
2518062
3338952
2738474
3356648
2638373
3107216
3431574
2086598
3385893
2804235
1799838
2174794
2327710
3108189
3382392
2793473
2463004
1950368
2798962
2884712
3183632
2863625
2016997
2992277
3405542
3406398
2871633
2500178
2411117
1804188
2029062
3371478
3045046
2131668
2982052
2624571
2368768
3404305
2088496
1885085
2686129
3015851
2672350
3425897
2833935
3155607
2377725
2589312
2171495
2385008
2169979
3174657
1907467
2583420
1878337
3115261
2197896
1817408
2560223
2780075
2506294
3318225
2734232
2469660
2661812
2624941
2638045
3412547
2421448
3445037
3185995
2988171
3245939
2822076
3139173
2598591
2280494
3188607
3420414
1801876
2677638
2636649
2597354
3116841
2826789
3161494
3425567
1961401
1643654
3159949
3392662
2801030
1799176
2729851
1945444
3006445
2723554
3077322
2050652
2577643
1923267
1792235
2403019
2355346
3121644
2521203
2350123
3361687
2076169
3018533
2912137
1906408
3416783
3188093
2581030
2965262
2361371
2325535
2857761
2194220
2608443
2750071
2690001
3359436
1641133
2033436
2992983
2402000
3445320
2846695
3369763
2782834
3406335
2538143
1732541
3238778
1894526
2318452
2865304
2961284
2843808
2389946
3366375
3429276
2268767
2607934
1875560
2254036
2988453
2952325
2518856
2155386
1710183
3276544
1767470
3410529
1817553
1673929
3430200
2931835
2504828
3021256
2565592
3200296
3339113
2031655
2571966
1934081
2599253
2903893
3027664
2383471
2248352
2385271
3046753
2975610
1865559
3335728
3204251
2040079
3183517
3406888
3443868
1775526
2499315
2147856
2534313
2350319
2725744
2454887
2303250
2922645
1672701
2547089
2680278
2660942
3085995
2348203
2017044
1820108
3189442
1892769
2381930
2546609
1847716
2494239
2362990
3011375
2503852
1687699
2251342
2504877
1681869
1811809
1805744
2386615
2247410
2972968
3075155
3355736
2979071
2063160
1796590
3309027
2604933
2515424
2628287
2441652
1851704
2988756
2901695
1857295
1816605
2322049
2412175
2391006
2590229
2824153
3230812
3428359
2000436
2609943
2677639
2251564
2160899
3259509
1789845
2228762
2479438
3240399
3263476
2355883
1669404
2684945
3387449
2669456
1896877
1862878
2532060
2269306
2652881
2438018
2941536
3087831
2007226
3397614
2251135
3373898
2974343
2395770
2887781
3207148
1847185
1974133
1682596
1754159
2347992
2265654
1891232
2359171
3273200
2413937
2088329
2291744
2330381
2791562
1666246
2417724
1874720
2159455
3171753
2300502
3145686
3258177
2661070
2911110
2396574
2914616
2235653
3433738
3210233
1722078
2573616
1997282
2293748
3150603
3177361
3351153
2086693
2057915
2877637
2929017
2945066
2525362
3251794
3082440
2380254
2033376
3216235
3314544
2612433
3182307
3402124
2379999
1673732
2758297
2363160
2551357
2909407
3280261
3237199
3118791
2673071
2442931
2499652
2374219
2152228
2354510
1759987
3046901
2502088
2602016
2697553
2817376
2935513
3359933
3175981
2961236
2980635
3207657
2779217
3279931
3240189
2914615
2055397
3084672
2418908
1825267
2450347
1682309
2890505
2870710
1944080
2527826
2949633
2157444
2511452
1810623
3156396
2837321
2836712
1674974
2162316
2176480
2515166
3213257
1888274
2092287
2492632
2425571
2605973
1817316
2427102
2241712
3127956
2198955
1970551
3429718
2367649
2680213
2383962
3313259
3331486
2803587
2820292
1676876
2033384
3045047
1626116
2842042
3378670
2954435
2703536
2895188
1685096
2725865
2428490
2251128
1726504
3437979
2252929
3402844
2451795
3421874
3190070
2214562
3324081
1868471
2754835
2590040
2626059
2768456
2310135
2123856
2395055
3249815
3193906
1838333
2513442
2370622
3047507
1722065
3195661
3047124
2493170
3220663
2706593
2735943
1778584
2746856
2499316
2479455
2395027
2411691
2247409
2742543
3268876
1890321
2861939
2240825
2226600
2433294
2841218
3406786
2421920
1655971
2358819
2318790
3202628
3251953
2327422
2986046
3056246
3144572
2252964
1782335
3395194
3165829
1653313
1805660
2331888
3151072
3339110
2489281
2089760
2520256
2430831
3190259
2372537
3363732
2242635
3270569
2025092
2885035
1814008
2240901
2764766
2712593
2062316
2488751
2762200
1875547
2293197
3428557
1672098
2653259
2675317
2486230
3123957
1741881
1848070
3251387
2938421
1971709
2303984
1890496
2421104
3434274
3123961
1726585
3067985
3192205
2240822
3057218
2030965
1964109
2369701
2562953
3325373
3376883
2937920
2852723
2835998
2021848
2467609
2688628
1629897
2571969
1911757
2339145
2174987
3177209
1773155
2463381
1828098
2377862
2749017
3342907
1802633
2475786
3155220
1659505
2866268
2715543
2734158
2644185
2872766
2590174
1875054
3256774
2333709
3218685
3081917
1727247
2874210
3440914
2037178
2513870
2840666
2637357
1690946
2227177
2125702
1949042
2789819
2025083
3009852
2387848
3384359
3062263
2222694
2957803
1928981
2568788
3443194
2485192
2256093
3246903
2441507
3087379
2782449
2162250
1938154
2758467
3221559
2490474
2711053
2746364
2349429
2506882
2771691
2858731
3450845
2270838
2743367
2248651
2004251
2673291
3376353
3159149
2508223
3268473
1713679
3271742
2495001
2162445
2259172
2363157
3315890
3343720
2347678
2601804
2715781
1857586
2376846
2423562
2504431
2308591
2722759
1820636
2908853
2502926
3013694
2809779
2744513
2355431
1951315
2251136
2786805
3045033
2276573
2467846
2194217
3040017
2572285
2799361
2625866
2488283
3130347
3440723
3009483
2452117
3180835
2410196
1910494
3192783
1950374
3186351
2665597
3189019
2088363
1779180
2372603
1847982
1821363
1762670
2438036
2315479
2198286
2880966
1754348
2769510
2278090
2364424
3384818
2802762
2638372
2372288
2343717
1909791
2395066
3039376
3178996
3394789
2573927
2578136
2706668
1796400
1965570
1869038
3302124
2911480
1675262
2413662
2352369
2431615
2496682
1759789
2463580
2949497
2119469
2432800
1626914
2197857
2988757
2320910
3385848
2493385
1722779
3062241
2741835
2333196
1812032
2470524
3118787
2958186
2412310
3227901
2753892
2881582
2861191
2198324
2236872
3097267
3076897
2203155
2635689
2559133
2241101
2772514
2784050
3340781
1676476
3188609
1785195
2249040
1677138
3069953
3139715
3386680
3271922
2240718
2183951
3057846
1683192
1655932
2000433
3414354
2870673
3031642
3213533
1705149
1764166
1863153
3108240
3404367
3002570
2416226
1868464
2088823
3400822
1908442
2443921
3343668
2435093
2563721
2931202
2060201
3319708
2440878
2464273
2585915
2838333
2956830
3069197
3416640
2277637
2441754
2727349
3336545
3243657
3415247
3318625
2112671
2459942
2642644
2444291
3169168
2405608
2852811
2059749
3159950
2470884
1818910
2830322
2241706
1676401
1741340
2742632
1841342
2922705
3195856
2466341
2275235
2623869
2307112
1628226
2788206
3432917
3173254
3105477
3400990
2000379
3428343
3169866
2541891
2203967
1680404
2729849
2809065
2611466
3334418
3028025
2704082
3151576
2409831
3386787
2390699
1654736
2768980
3392937
2985276
2772518
2389797
2499839
2092741
3346229
2496730
2293749
3433782
3390809
2450037
2929795
2387574
2431624
2661098
3170752
2757106
1645744
1775502
1652823
1639519
2333375
2970701
1970944
2203087
2212291
2789785
2769890
2520022
2984659
2551786
3133288
1677264
2693775
2374261
1672662
2826459
2203091
3233671
1822180
3156376
1744303
2573486
3072056
2417400
1932679
2205238
1639317
3122288
2653682
2071724
2945375
1925863
2542018
2453514
2345813
3250950
1803439
3192206
3050932
2681996
3435350
2927763
2900206
3173975
3225695
2729114
3251247
1900689
2155074
1911885
1836256
1613982
3095544
3280348
1740164
2663989
2950283
2678393
3059474
3305598
3135104
1969472
3366278
2794125
2769457
1924473
3348260
3386683
2839665
1633589
1859686
3278804
3142273
2207159
3140727
3124897
2510395
2155352
1911494
3279862
2809067
2794126
3238756
2173878
1885606
3402317
3026191
1963541
3357574
3419126
3087731
1740569
3229214
2176251
2661576
2222799
2808274
2733426
1740221
2502862
3222027
2651363
1796448
2748136
2165468
2689078
3328842
2010294
3210379
1908456
3366381
2987301
2813413
2426111
1979587
1905134
2721625
3352701
1738430
3160634
2054801
2367648
2470094
1686421
1826831
3127636
3084244
2778054
2803869
3369039
1653829
2404913
2132355
3420141
2793350
2575055
3286441
3211048
2518441
2868880
3213846
1718281
3291358
3343800
3150897
2961298
1824054
3259467
2043115
2203027
1729652
2032181
3094149
2471641
2263820
2440397
3436047
2546679
2518057
2979991
2109158
1861321
3179810
2197003
2413635
3135582
2509145
3067343
2066635
2577419
2055431
2864986
3325079
1681911
2670277
2241553
3233825
2154060
2899146
1764165
3183572
2504806
3305082
1779179
3169622
1676784
2330790
3220015
1706610
2025487
3247940
1731689
2918750
2888134
1652590
2209948
3397694
3025078
2301882
3330407
2337714
1950129
2705714
2481430
2984663
3047125
2203041
2809395
1962128
1832332
3020513
2251134
2660581
3304353
3368005
1662220
1793344
2860240
2991182
3034820
2801425
3332374
1674634
3204426
2117567
3189759
2293958
2534340
3402123
1855247
2586069
2293734
2418695
2603109
2553470
2583531
2247124
1900823
3216717
2654051
3069880
2912214
2425686
2033681
1654486
2402948
1664492
2045851
2972027
2062323
2598560
3423185
3369482
1834962
3301776
2757071
3220238
2855731
2761690
2423538
1807726
2250606
3184112
2060253
3242293
2937414
2963451
2964981
3078583
3023147
2943784
2440103
3343768
2492597
2784262
2375950
1819265
1904909
2533358
2090140
3292300
1607915
2961237
3043889
3147499
2642640
3204646
3028036
2794380
2640988
2411986
3287126
3375310
2297607
1775510
2395060
3040005
2673102
3443534
2863182
3413287
2556901
2853893
2921437
2700955
1974626
2337446
2253900
3375607
2830105
2330400
1946857
2837620
2511443
1709872
2585682
3166194
3266599
2629915
1655912
1889330
3017866
1691869
2387833
3062243
1652646
2759059
2697514
3081111
1643107
1730414
2409898
2558453
3255904
1865229
3069524
2016398
2767608
2634256
1877065
1782774
2076739
2165012
3026455
2130618
1969113
3123437
3159953
3092551
2014120
2624614
2162919
2363275
2210587
3025321
2065091
3356748
2759550
3147232
2494586
2368354
3147215
3112249
2387834
2861272
1721052
3346715
2054916
2021846
2386996
3203228
1805421
2319693
1681610
2472293
1960405
3158979
1745210
2345337
2766125
3443488
2521353
2777549
1898205
1810023
3398005
2242563
2056722
1894918
1836264
2781341
1841333
2241149
3416244
2564787
3393290
3207150
2634787
2954758
2168506
2183388
1814072
2918835
3065531
2809196
2388461
2501088
2558899
2974344
2360383
1832264
3066504
3181441
2302988
2178371
1969201
2463389
3142701
2543533
2240192
1911875
1859201
2950830
2974632
2218175
3427673
2004739
2349595
2233061
3423095
2498987
2903669
3274447
1931892
2678083
2871310
1886265
2751701
2772501
1663112
3146480
1671932
2226184
3449023
3219881
3279083
2425671
3111778
2882810
1681702
3230669
1812673
2786338
3136136
1770232
2468333
2364423
2469332
3363395
1882114
2550640
2294137
3069195
3453056
2706603
2545314
2075877
2283009
1932015
2326927
3102049
3333571
3274629
2573578
1828801
3199719
3107827
3166546
2906263
2812311
2638138
2668322
2306044
1725767
2707574
2067623
3355778
1727897
2323768
3233818
2829954
2548869
2464228
3452056
2570460
3222745
2560828
2742362
2922824
2716641
3216678
2371526
1875197
1819583
3027646
3161103
2440604
3130239
2786808
2419315
1649019
2864614
3122268
3336676
2931189
3250667
2037264
1669041
3355717
2341297
3403879
1823667
3034432
3084584
1700407
3029101
3428886
2978592
1814873
2687116
2988588
1773281
2389795
1645041
2180240
2277804
2323299
1887249
2923091
2495221
2452336
2505999
1720480
2607543
2272022
2639776
2458163
2427238
2680362
2548285
3430926
2061736
2990464
2572811
2265453
3268289
2808957
2765351
1972165
3160836
1890871
1907392
1930003
3225313
3447117
1817562
3035369
1861276
2046899
2608260
3200397
2734276
3291903
1668448
2941123
1753495
3017220
2784206
3079053
3210103
3444605
2609261
1902713
2737591
3170405
1771201
1820665
3365003
1808878
2706588
3375465
2377231
2155734
3031240
1854702
1886667
2960289
2429639
2279985
3336541
2113070
2967561
2168899
2971664
2752918
2986213
1859288
2662814
3420408
3214026
2015701
3419507
2128111
2587976
3153055
1680547
3305410
2552911
1677956
3173945
1677343
2474818
2023693
2753845
2079170
3210894
1818840
2795055
3070953
2243125
2533979
1655927
2342747
2960893
2365340
2030927
2560831
3417576
3159860
1711765
3030816
1711494
2750765
2803502
3219891
2396086
3416554
2455389
3443781
2653255
3065538
2374252
1694045
2766474
3157724
2558457
2108212
2224859
1940236
2745816
1777534
2516288
2978686
3150240
1825899
2769100
2672860
2505986
2632685
1873822
2571486
2732659
2950340
2386697
1685099
1777525
2571251
2504951
3207739
2996344
2193820
2605490
2680312
2665604
2190823
2192071
2583072
3011871
2777100
3397939
3273262
1678936
3399075
2333795
3111360
2371818
2579595
3268299
3255249
3423726
3098318
2558868
2448440
2085473
1692020
2767191
2591351
1947744
2184273
3330200
1701691
1727509
2781779
3274682
3032585
2218621
2274793
2318447
2590038
2575469
3177349
2942185
2589306
1668041
2766056
1935529
3444685
2154552
2564526
2341669
3173271
2794140
2511007
3000797
2389798
2925926
1605774
3202632
3408398
1727966
2890833
3018733
2465027
2573652
2741006
2721485
2525160
2109173
1813755
1811139
2399399
2935176
1718025
2109157
3284816
2560620
2558097
3226704
3208270
1857116
3148206
3419712
2510960
2120449
3107242
2417628
2928513
2145488
1768870
2850605
1721363
3255940
2887577
2227411
2891665
2785598
1890311
2721507
1744465
2977682
2942173
2514129
1653702
1947661
1733325
1812033
2774823
3148559
2075747
2405306
2924906
3167329
2891679
2358916
2463842
1808989
2344561
2511854
3440731
1850926
2770858
3290053
2811359
2561941
1928200
2252691
3151070
2202090
2721516
1663746
2805349
1945462
3399849
3385205
3109910
1868470
1856299
3405172
3392926
2560623
1900739
2906297
3191812
1788670
3454146
2357675
3144495
3205990
2976361
2305276
1810046
2047628
2749059
2383237
3065519
1826720
2638620
2521336
3314415
3431281
3318271
3030814
1781798
2986031
2383540
2218427
3144124
1642050
2069208
2939960
2680124
2207026
3385766
3175405
1635252
2192843
2246946
2240720
3214454
3405014
2730478
2937417
2125302
3342147
3067126
2566951
2499023
2741002
2387999
2991941
2665702
2834817
2471655
1672254
2661147
2847800
3417715
3156250
2572855
2305467
2467847
1872651
2868877
2934821
3207946
2734994
2474588
2243536
1890336
1809433
2200485
1874726
2346642
1867147
3249188
3216774
3287127
3005700
2736163
2513290
1838571
2167183
2546022
3302787
1906226
2167142
2075848
2205790
3415095
2600511
2806468
2937411
2680847
2029105
2741525
2374091
2732433
2612701
2346647
2803548
1846240
2395394
2276574
1655175
2774356
2624137
2811768
2893595
1699160
3338071
2218857
1938567
3050888
2356643
3122783
1803238
1841055
1775589
1943078
3006178
2541894
2417746
2834867
1651426
2674245
3445239
1937434
2459925
1932754
1690626
1961267
2903141
2169759
1812039
2640718
3085145
3034866
2790237
1697288
3155968
3304796
2523678
3111295
1773876
3081104
2618956
1874252
3174564
2190828
3162269
2044652
2495876
2387573
2425259
2698147
1657806
2683577
1782538
1680527
2195816
2788567
3168038
3425107
2880501
1690186
2729206
2629998
1653739
3392558
2775870
2911481
3126828
2730446
2677012
1692055
3413416
1931375
2439185
1681864
1722867
2404039
2316075
2315478
1648355
2007097
2505663
3240858
2126882
1663890
3145676
2901713
3188597
2115811
1697484
1780358
2717860
3382741
1655635
2688659
2401625
3215785
1688076
2672617
3390154
2746363
2516710
1797410
2970694
2773224
3427274
2961290
2639774
2867877
2215282
1869380
1673843
3275158
1943266
2088658
3321033
2860231
3238370
3224658
2086241
1928193
3136096
2251884
2220577
1893127
2425658
3261912
1785360
1654221
2401658
2416035
2281343
2776353
2242043
2212087
2474378
3256442
2637151
2626419
2280380
2049171
3039055
1631211
3287054
2684942
2180712
1661974
2904514
2320918
1634785
2077962
1873170
1798995
2501031
2766472
1629249
3048467
2446632
2197241
2241145
2626091
1709618
3118420
2590068
2395071
2572459
1703955
1692483
2012279
1810842
2376111
2514502
3154742
3302951
2888161
2717535
1628981
2518271
3135056
2301026
1805426
3292796
3231653
2975273
2538057
2455883
2197092
1801298
2835362
3300603
2687417
1957107
2066627
2179513
3134725
1782811
2602003
2506307
3337773
2902271
1769198
2062110
2848896
1954692
1851738
1720498
2894305
2391707
2078724
3172924
2507159
2815643
3071451
3183955
2464176
1708537
3055763
2367557
3438004
2016456
2839658
3038321
2378029
2748196
2252220
2465726
2584957
2834527
3056849
2698822
2312273
3439263
2607066
1669521
2524180
2622226
2697055
3071235
2673289
2364016
2440840
2607931
2682408
2464183
1631212
1810923
2987841
2851770
2826778
3402837
2708457
2882754
3059626
2509220
2002095
1859211
2556899
2358997
3438833
2847796
3101632
1851759
3421769
2743864
2410591
2653485
1651540
2353289
2540060
2387618
2510923
2966727
2973604
2675318
2944242
2625241
2088401
3245603
3320109
3174604
2621175
2917403
2395436
2657694
2551306
3375775
3442809
2657313
2266676
2847794
1793892
2110382
3349022
1888910
2333170
3293177
2684678
2429970
2292282
2652122
2784051
2908819
3000241
1688827
1865438
2782805
1704852
2050525
3014011
2199887
1816279
3282358
1932768
3215881
3308033
3432281
3288657
3204134
2044582
2901712
1707573
2901047
1736398
2445560
2520323
2565252
1838125
3265404
3238513
3440486
3011668
2316131
2516320
2790214
2683085
2746897
3109895
3318427
2742264
3353887
2786793
2171765
3191810
3423697
1905762
3385901
2420945
3295419
3439658
2515576
3425106
3354311
2876061
2415115
3030955
3027203
2680488
2249484
2885829
2511772
2539701
2832737
2581461
3346161
3243660
2621097
2015704
2677039
1667974
2614827
3273249
2906264
2711765
2499322
3134903
2755762
1966559
2198731
3166773
3416511
1707571
2493403
3420349
3123166
2286093
3290719
2644006
3420241
2787409
2276319
2874763
2405648
2194222
2919441
2359169
2709335
1945835
2545394
2212529
1720536
3273346
3020521
2865310
1720063
2216390
3444781
3317983
3373542
1783140
2337705
2042627
2486607
3029686
3403196
2204478
2179526
3433587
2200267
2399957
2634121
1765108
2430504
3424812
3050511
2636343
2226115
2180241
1825840
3010432
2308979
3022016
2570651
1841445
2766054
2581034
2560250
2956531
2375949
3423126
2882345
1763318
3432715
3180948
3321112
2943399
2978323
2961705
2714980
2509148
1643997
2584653
3247628
2905011
3388375
1787508
3326749
1647038
2390618
2583421
2642754
2955197
3099416
2763991
2037188
1893487
2240182
3059917
1785507
2414759
2118230
2571009
2552905
1836414
3194026
3328735
2123669
2925928
1829102
2278848
3148175
2780076
2271571
2716637
3118417
2791816
2070905
1751828
1694073
2906494
1765800
2516007
2042626
2241150
1651797
2571241
3386783
2284299
1843182
3425817
3281697
2751649
2917284
1842432
2354688
2086684
3032560
3444099
2785823
2465847
2440448
2518087
1811795
2040391
2050655
3061530
2053419
2540614
2650137
1995623
2462235
2199100
1904061
3242307
2176972
3237644
2197931
2464259
2171749
2841216
2054803
2265409
2024416
1709875
3426360
2391350
3393320
2396074
2784355
2171051
3296944
3081189
2639256
3378010
2618580
2723989
2880497
3322404
3179990
2887579
2928796
1668039
2181164
2887786
2349491
3167344
3227756
2612957
1838901
2493763
2162315
3420348
3084587
2925537
2005877
3102679
3419996
3092932
2353517
2342048
2302377
2736845
2174788
2144359
2998587
2727641
2162312
2866551
2318759
2735290
3268622
2370285
2149081
2501049
1892853
1769437
3161538
2516632
3221780
3384136
2881276
2573909
3123678
1842390
2165779
1687725
2241104
2472292
3121643
2642642
1667717
2011269
1902916
2240540
2240190
2575113
2876058
2911482
2909080
3188485
1686707
2949862
2956040
2348186
2613381
2110223
1807523
1975542
3335718
1790374
2538766
3212588
1736158
2802734
3099411
2872863
2215301
1804025
2559504
2536229
3433650
3268099
2628927
2173470
2495133
2546675
2556362
2481726
2432549
2249758
2502409
2464220
3441371
2200874
1648365
2508721
2897213
2862384
2028456
1655417
2982095
3198412
1611682
2707982
2807520
2937450
2626430
3310604
2555550
3042000
1815757
2957848
3325677
2781780
3188443
2197741
2980630
1714258
1667702
3067341
3158000
2326219
2249752
3243326
2819909
2063309
2398912
1793521
2243129
1937076
1789427
2259683
2372555
1979599
1891235
2295298
2496871
1922342
3415929
1854701
2494193
2413099
3280014
3071237
2789772
2271946
2259258
3262503
2715746
3283745
2817204
2664094
2433920
2203098
2888003
2515167
2303424
2970388
2719080
3402782
1804922
2665735
1668539
2141238
2384858
2879805
1865613
2729494
1862080
3424485
3192981
2292280
3108486
1971041
2295311
1674973
2287056
3211406
1950782
3363828
3399642
2440848
2354215
2902165
2460128
3402033
2464272
2488915
1720872
2342879
2881544
2605496
2769055
3368816
1740805
3138720
2074123
3108609
2322079
2864529
3130360
2383544
2254400
2406457
2194457
2569681
3219466
2775632
2963826
2217624
2198562
3446366
2748390
3279272
2300960
3264104
2143350
3441610
3435426
2307333
1908179
3444563
3025164
2804958
2176094
3047199
2680706
2960235
2641555
3382501
2779213
2413086
1936979
2931574
2994448
2437576
1707719
2494098
2499656
1766587
1770064
3174653
3384225
2424173
2653486
1746126
2318469
3029665
2247126
2415648
3274445
2736296
3336681
3424082
2668569
3169857
1680397
2383847
2991950
3406869
1649961
3195865
2506302
3019832
3422830
2163209
2854248
3080480
2562947
2450676
3134719
2715745
3392563
1953511
2771764
2784189
3287540
2203093
2905450
2372619
3322361
3396920
2191985
2790789
3447319
2384937
2360408
2240723
2465461
2352779
2752326
3156246
2119997
2918748
2383521
1792901
2799298
2762050
2486611
1707258
1770710
1723878
2596023
2418319
3245606
3314442
1926537
1683164
2259167
2657076
2744870
2167964
3378048
1866581
2645756
1830387
2640600
2844887
2169365
1731670
3127731
2793796
2379829
2112604
3284227
3015100
1781649
2066636
1794797
1772377
3017606
1737827
2576211
3158004
2934416
3278635
2913024
2050717
3194551
3424414
3229228
1671650
2706589
2578055
1843527
3159951
2494462
3096327
2489343
3403304
1634671
3378739
3367626
2445550
2274179
2068471
2443265
2316212
2869755
3420163
3406395
2843363
2246714
2812079
2268352
3367396
3289012
2959446
2475543
2744326
3424489
3216230
2377865
1666967
2540062
1674133
3429164
2541888
2980967
2418922
3129629
2668323
2424476
2287027
2772516
2950276
2216183
2086683
3401578
2345633
2494465
3258335
2155026
2865007
2519181
1901735
2684933
1889315
1835401
3010940
2267986
1955822
2981528
1958625
3388557
2899443
2467859
2619064
3152222
2376048
2393099
3228059
2207825
2522844
2868919
2456029
3197919
2593184
3272583
3170881
2839452
2586762
2988448
2403359
2899570
2264031
2890835
1955146
1818051
3183511
3013721
3413717
2481727
1666793
2957072
3402476
1678834
3272826
3437339
3423187
2414042
2287949
2989916
3275978
2441219
2201931
2549161
2442100
1820898
2187906
2803860
2797730
2672862
3093682
2510954
2137900
2229986
2871280
3417833
2411504
2211137
2135559
3147902
2389910
3035269
1660438
2344493
2232413
2817610
2203092
2662843
1863033
2889510
2918749
3433824
2389146
1783986
2003278
3119847
2899956
1935765
2839318
1568561
3422289
2685710
2809201
2994430
2401631
1734641
3409930
1657317
1647883
3276531
2165254
2972547
1906532
2042644
1823997
2412382
2439246
3046752
2602396
3443485
3241966
3424083
2595536
2477801
1692980
2387835
3302284
1959625
2624286
2317980
2231247
3431946
2374140
2464181
3408842
2209625
2918774
2614713
3142630
3137700
3441618
2857287
3281691
3395405
2458928
1963691
3107196
2840136
3203197
1850369
2249107
2963384
3433966
2919864
1673735
1973159
3389711
2912839
3174720
3314545
2030922
2439176
1649258
3056854
1811800
2306175
2028597
3258540
2686634
1725035
2563262
2832323
2961280
2199524
3313415
2857087
2702808
3053945
2582363
2762997
3338873
3150512
2699699
3217197
3402469
2820299
3385512
2798228
3327517
2378724
1955240
2472765
1971093
1741874
1812042
2881539
2862398
3048958
1899319
2292279
3304200
2512201
3344518
2567155
2220696
3212481
2452319
2086528
2723982
1836415
3444136
2727684
3164043
2880794
2339210
3188048
3421183
2891942
2903953
2037343
2954431
2086239
2429085
1766772
3404098
2043760
2822215
2624501
2812469
3035268
2499122
2752923
2474467
2424472
2614559
3175399
1633274
1686388
2657049
2935708
2285239
3153303
2998585
1855532
2684179
3406715
1671648
1932756
2730641
3199857
2931283
1714032
2474612
3042385
1923266
2566472
2622840
2206732
2303249
3273718
1729653
2254809
2761688
3397567
2388734
2578752
2953541
1851802
2416249
3382581
2670556
2367637
1653096
2146497
3157259
2653954
2845885
3368932
2413636
2389595
2168442
1812855
2837312
2405266
3136900
1630600
2871828
2702411
2278931
2871039
3228055
2687115
2933923
2963351
3139004
2360547
2208459
2451450
2447699
2075400
2756762
2351470
2390574
3407495
3158103
2072754
2524916
2894557
2398158
1686914
2073629
2442351
1966094
3090400
1862588
2269678
3447756
3084982
2347012
2752913
3396441
2926072
1818845
2357393
2589810
2775173
3261052
2208458
1774824
3356147
3224178
2803503
2464268
2840870
2854596
3406522
1795748
2466742
3410857
2536463
2366409
2489414
2190666
2217623
2729850
3155964
1663884
2673290
3176785
3421913
3125889
1684006
1582757
2574043
1832331
2330863
2216715
3443489
3253452
2030837
2001472
1886434
2286094
2418578
1826702
1684517
2243512
3260060
2959299
3040217
2450033
2042657
2337717
2316080
1752730
3128504
2356788
3326431
3055328
2841230
2696650
2712410
2070889
2386795
2262670
3136417
3445088
2463958
3224865
1923037
2517270
2390713
3395147
2760113
2311834
2534341
2024158
1851487
2596774
2716104
1629338
2479740
2669457
2655283
2929737
3067342
2674280
3132962
2912249
1828464
1819579
2193068
3149737
3358896
3160837
2746890
2838562
2174515
3400986
2914563
3171661
2370262
1796993
2535504
3284464
3095300
1818024
3349889
2509173
3435001
3323639
2056099
1696123
1764184
2425530
3398462
3010415
1637289
2430593
2384850
2225637
2903891
1706930
2079489
1623568
2240525
1721614
2592923
3429200
2469396
2259785
2298667
2919411
2696644
2610003
1648443
3386771
1938117
2781528
3341209
2413345
2616709
1824078
1818764
2144871
2762518
3118090
2554037
2883946
1945782
1925817
2377312
2607191
2848613
2844085
2449905
3448664
2912128
1676199
2071807
2294053
2535909
2471427
2666168
2507123
2970326
1653831
3056233
2651205
2913923
1794501
3413539
2514799
3214036
3415372
2917871
2146518
1687319
2658329
2844003
3146382
2565585
2803153
2597406
2499681
1629617
1935667
2670158
2040700
3298268
3166279
2990309
2539450
3201521
3316150
2736890
2434359
1714670
2177462
3123980
2258319
2390712
2187931
3331572
1699739
2154326
3368002
1817592
2230452
2406962
2641556
1669040
1819267
1885028
2275131
2367670
2371395
2612356
2784193
1707239
2332088
1621652
3201583
1866433
2400461
1932908
2581453
2904930
2370326
2260149
1621980
1816558
2515524
1840646
2665603
2621100
2200397
2034912
1847677
2673288
3181730
2698235
2998821
2681276
2562942
1845770
2664091
3181773
2413132
2083747
2341086
3053571
3135580
2754968
2536490
1672095
2115877
2463857
2800387
1860152
3265401
2878828
1700486
3034823
1685856
2609493
2658629
1802629
2383842
2996708
2463529
2437574
1973771
3066385
1716980
2724087
3426792
2181165
2872817
2763841
2205826
2846696
1699780
2860713
3370073
2162083
3234524
2207051
3078495
2648532
2725806
1937824
3314729
3317774
2053420
2215941
2182392
2929930
2688983
2752921
3179195
2197881
3374978
1903300
2245169
2864718
2773221
2589005
2231233
2935263
2801355
2991951
2277627
3409143
2318785
2137210
2513872
2912733
2454451
2308288
2825949
3252476
2258566
3354996
1688604
1856806
1792779
2467833
3219461
2175432
3056568
2201264
1886395
2934083
1959744
3045021
2086581
2851346
1740213
2536207
2949628
3417404
2353538
2828617
3318445
2482034
3427204
2369832
2959294
2900704
2922243
2241153
2682762
1725084
2831048
2353199
3040563
2793884
2993362
2594419
2197925
3444295
1754772
1644006
1809041
2257297
1997691
2841228
2834586
2685355
2524660
2217274
1626891
2692908
2846881
1694490
2445284
1744415
2227859
2059483
1679216
2496736
1751315
2733423
3353391
1846229
2286402
3247336
3188324
1649135
1894098
3174715
2936354
1677957
1706085
2597755
2433217
2179517
1831967
3427671
2917671
1660985
2534273
2946696
2387488
2691735
3214512
3032532
2959748
2746855
3131403
2447337
2779789
2573260
2484030
3394784
2369724
2926453
3138954
1868462
2426927
2449538
2548366
1759086
3053577
2226792
2421402
2843759
3028031
2480246
1848073
3424515
2386325
2684322
2757088
1826622
2798745
3438222
1681613
2760454
3415663
2385964
3269180
2109372
3273439
2721515
2323004
1563936
3199608
2342381
2342869
3135248
3327150
2332729
2970741
2595860
1716153
2625868
3153300
2834797
2543229
2889511
2385021
2268763
1968167
2973609
2872361
3173424
3443724
1927011
2137841
2030764
2829280
2501691
1682609
2582156
3152576
3197246
2799677
3000740
2417948
3289190
2853839
3425451
2146781
1847989
2413007
2154078
2174587
2645011
2221572
2360382
2257594
3043612
3353691
2614703
3365700
3006446
2460912
3155966
2395422
2602062
1857193
2537861
3290721
2372561
3355718
2150883
3046602
1691128
2465395
2847803
2284095
2350120
2256704
1760787
2352904
3431552
3041731
2379256
3081223
2383145
2551070
3173248
1737235
3331647
1772394
1830286
2241127
2920541
1645307
2748628
1808486
2954716
3420572
2848229
2408662
2404188
3370684
3407922
2957067
2884505
2546633
2712951
3380614
1772614
2548373
2374834
3050971
1743057
3142508
2845969
3138383
2864291
2232314
2198285
2117566
2363179
1899578
2198322
2922811
2050651
1650403
3157523
2977913
2476331
2858193
2443952
2825955
2401152
2175524
2692572
2942304
3383236
1803069
3363567
2502504
2604311
2653340
2457370
3021260
2920548
2501333
2357681
3021259
3410976
3153056
3356740
2961303
2398275
2425525
3416342
2482060
3320183
2754794
1746063
2531594
2976667
2209405
2039893
3161667
1931394
2111428
1727895
3406864
2907303
3184267
1638244
2277635
1647959
3402697
2746366
2508614
1697482
2364351
3355093
2003637
1727585
2778412
3229512
1890216
2649581
2194957
2936759
2276905
3248552
2065319
2657151
2606670
2497179
1892788
2839650
3022354
2836941
1726576
3403152
2969144
2570407
1668956
2792343
2373645
2438392
2521222
2670239
2398282
3406978
1950638
2934971
2032097
3350015
2167167
2479736
3414396
1833784
2116290
3386784
2547038
2084392
2540230
2388740
2837320
2945962
3171371
3382586
3428229
1868224
2451321
2594666
2510962
2479185
3281832
3010416
2720900
3336053
3047571
3106262
2264234
3298759
1929890
3340562
1895280
2119537
3090403
2840877
2803097
2045113
1683825
2668354
2829205
2715440
3279860
2670335
1932149
3426227
2850971
1932755
2750078
2881488
2224414
2868451
3144652
3207892
2081588
2494580
2486986
3362707
2249784
2512365
3017555
2050710
1861919
2563674
3377340
2788544
3205590
3126506
3102034
2534463
2766134
1684155
3150608
3030954
1812047
3036206
2345533
2089875
1718207
2474381
2554057
1806333
2489010
2852130
2615075
2582310
3424733
2903145
3256429
2585715
2045821
3146381
1980549
2551062
2934473
1866743
2472757
2390566
2670664
2508562
2176126
2235663
2843734
1773801
2708279
3201678
3257937
2961703
2283017
3006443
1592337
2411987
2887996
3431202
3227757
2676106
3440634
2479127
1853385
2988454
1878274
1670089
2760470
2832564
2662522
2383844
2150884
3166277
3408504
1924468
2768345
2386685
2854281
3422214
2921551
3101741
1955710
2394578
3135103
1853276
2118510
2028732
1893132
2066558
2083819
3408189
2986451
2716103
2682182
2065700
2057739
1923961
2229061
2391843
1722726
1893805
2715170
2808278
1787512
1730853
1655574
2147850
1728475
2882750
2120450
2696953
2856861
3177071
2498990
3144918
1964072
2232306
3261019
2480956
2755985
2458489
2909081
3290176
2961728
2716809
3240818
2003011
3395363
3373624
1709870
3428023
2361393
3023203
3408633
2949507
2456026
3114301
3164459
3148643
2580921
3398955
2242042
2537715
3039437
2770584
3269789
2311598
1811746
2260420
2773502
2270070
2885029
2037832
2797333
2335269
1740798
1712218
1792149
3380634
2464752
1659956
3231322
2484855
2488577
2992217
3148424
2176093
2961362
2709117
3382231
3138864
2975275
2587900
2499410
2734864
3273827
2249898
2168503
3155776
2076176
3369214
2367682
1889064
1995600
2733425
2951515
3249816
2803145
3224343
3124210
3448379
2431381
2600675
2367990
3077176
2214400
2050399
3108243
2439245
3076884
3157432
1994741
1910403
2821184
2542821
3249187
2468133
2513153
2256010
1725894
2404908
2989903
1965355
2569390
1690690
2465846
3195791
3439440
1815916
3342454
2894200
2372545
2249030
2369195
2997798
2342385
2463503
3454109
3170519
2344492
2925708
1686438
1822167
1870263
3120192
1809908
2697911
2898506
1994287
2502806
1732545
1900303
2704937
2564708
1758794
2965263
2749021
1947542
3418732
3034825
2380449
1701188
3308271
2740527
2255478
2118625
1688923
1816373
2550546
3343831
3308937
3417941
3413543
2630046
1853781
3146387
2447698
3057476
2505635
2114533
3251395
2872770
1678406
3208472
2283300
3302854
2294473
2716913
2389794
1928250
1787303
2549294
2346998
2922752
3078747
3411552
2040746
2367636
2313249
1937774
2221565
2251344
2464974
2644482
2777675
2192834
2578751
3266222
3415744
2630658
2444092
1867791
2532213
3439025
2686062
3414249
2750095
2941173
2187937
3281692
3089823
2556009
2845990
3071236
1851640
2614775
1695184
1861916
2639030
2819137
2764373
3209062
3166909
3020512
2387816
2085118
2641324
1643054
1772890
2827084
2325964
3045995
2373644
2678668
2186135
3429879
2212177
2473973
2421419
3005309
1935089
2955259
2605809
2348667
2841024
1676336
3172949
3238289
3030817
2163440
2740233
2312039
2177750
2390608
1827211
2510286
2716197
1678293
2593188
2845986
2846314
1955475
2433209
1995621
1643036
3137384
1706553
2249762
2579724
2540849
2832262
2481383
2273260
2364325
2827407
2795818
2871286
2538147
2235372
3444085
3274189
2914597
2953527
1856367
2302368
3354342
1759880
2774305
2191273
3226342
1744811
2461573
2535912
3398389
1653730
2796313
3211576
3057479
2535913
2318780
3073923
2129641
2729612
1954981
3382739
3304077
2266433
2560442
2956927
2161409
1813659
2578929
1794798
2452709
3031304
2745307
3009599
3236119
3028037
3273344
2890837
2509992
2848597
2900712
3194051
1932728
3332203
2502210
1810791
2594321
1733588
1697613
2845270
2883905
2426821
3354275
2904667
1922340
2260803
3428890
2910122
1891076
2980390
2546594
1873914
3252360
1971640
2868820
2744515
3050906
3147495
1844839
2673281
1802727
2367668
3408997
1906229
2458925
2819138
3208447
2340979
2495181
3191360
2847208
3095294
2748388
2272781
2631819
1955001
1862823
3135077
2717855
1808598
1738419
3397842
2321512
1641652
2560303
2112883
1902919
2602389
2372595
2829104
3429204
2263379
2584942
1743833
1783980
2136742
3415422
1786023
1667786
2791829
2743779
1846262
1787252
2157864
2220621
2846688
2581124
2278241
2776691
3276545
1858031
3382345
2060260
2789713
1862431
2076174
2416789
3193172
3408295
1869382
2643332
2721493
3422897
1856370
3117852
2072394
2577635
3445217
2383520
3077098
2959280
3346156
1637803
3180029
3431959
3158002
2817614
3435233
2530237
3130361
3306738
2881489
2015185
2834835
2517303
1800162
1817049
3451781
2141666
3238910
3267507
3290328
2556545
2412377
2396083
2740066
3382788
2635687
2590070
1900455
2416252
2623879
3415371
2302690
1804918
3150511
2833366
2780812
3056232
2557751
3174999
1650472
3428170
1830225
2970703
2299642
2241965
2086066
2581027
2622838
2471341
2986050
2374103
3400915
3102039
2130847
2605362
3425943
2255964
2478239
3342036
2487034
2840537
2209942
2553469
2411119
2476209
2763123
2175675
1638954
2992666
1882613
3123707
3310378
1947194
2124079
3053661
1923263
2429630
2862397
2044580
3024444
2410270
2854591
2000168
3398893
1693801
3284301
3138393
2655029
2839910
1842854
1869323
2548611
3246871
3258274
2698354
2564186
3114704
1704875
3196290
2649977
1939074
3311779
1858558
1698797
3093681
2855291
2851929
2380649
3084200
2859073
2652404
2475784
2390139
1717682
3083582
2550234
2783865
2607048
2082408
2176975
2727339
2733713
2501089
2573017
2194224
2970697
1906402
2833515
3447063
2012834
3060368
1910834
2037185
2460136
2885493
2941469
3188325
3073593
2735934
2465527
2050708
3133709
3251422
2883911
2906695
2399400
3444682
2383137
3062980
1731824
1796409
3438074
1586408
2633332
3392108
2176092
3255251
2679845
2586663
2345814
2085368
2580331
2422093
3031303
2165252
2526637
2842007
2403218
3382234
2758840
3141129
3180534
2820006
3269947
3128465
1822176
2021326
1826305
2671453
3343771
3398646
2941826
2823996
3170521
3395433
1641134
2447258
2582157
1723764
2877618
2296070
2969520
3161478
2840372
2318768
2518065
2154526
2888056
3219896
2140553
2643795
3134293
2516199
3414258
2201936
2746844
1961933
2497788
2942181
2406963
3006047
1896864
3403442
3074410
2032807
2857621
1944253
1882879
3343952
1870679
3111366
1868463
2278833
2390360
3198735
1829476
3072564
3245352
2520544
3448448
3165860
2371125
2348525
2388427
1664511
1755672
3185868
2279977
1828185
2920921
1828063
2222505
3235844
2080707
2529139
2111040
1900600
3034828
3447675
2631513
3233789
2355475
2281274
3404058
1736631
3033771
2591818
2630443
2437077
2335275
2886379
1889254
2905786
2976671
2364576
2533953
2388418
2210606
2694571
3134244
3179234
2822160
1810251
3031655
2855679
2950634
1950622
3363867
2669477
2657852
2984660
3395302
2245271
2660580
2734282
2450244
1831968
3277904
2992384
2845964
3180820
1704850
2631816
3363405
2512846
1668426
2828176
2161467
2513154
2706758
1808444
2946362
1710334
3387783
2775461
2931079
1998184
2772765
2780783
2797073
3392571
2039780
2258952
2571020
1788798
2389593
2174793
3453306
3252768
2965773
3067968
1754395
2465526
2182761
3124242
2986583
2164772
1764167
1731752
3069199
3308245
2606386
2226034
3194946
3002569
2696472
2223139
3143126
3035714
2066177
2504490
2907308
2202485
2332728
1704691
2360108
2854597
1744443
2424325
2240590
3116895
2500039
2616751
2873591
2266440
3062244
3371425
2912257
2255904
1691493
2905077
2234768
2347029
2494587
3024821
3214024
1636032
3165530
1723918
1633933
1646059
3165536
1829369
2747763
2907938
2904670
2603925
3296336
2825075
3309963
2614333
1671191
2837924
3426972
2703526
3362643
2863734
2172961
3312608
3266601
3445396
1695774
2652843
3378104
3104739
2346990
1769346
2518603
2997945
2853026
2128470
2020431
2891236
1859275
2210609
2731689
3030815
1668781
2828327
2986047
3120190
2040752
2818503
1670273
2984679
2362949
2464269
2762189
1934756
3158104
2192630
3309140
3141563
2243095
1865561
1734845
2605747
3029666
2545717
2755532
2687006
1774815
2064795
3199279
3171928
2855728
2846217
3136233
2401502
3420557
1637664
3183631
2679704
2843642
2521640
2291750
2982151
3291882
2559522
2143969
3047088
2091091
3088155
2369187
2743359
1668140
1730034
2390690
3018009
3427325
3012474
3144949
2993967
2193024
3292262
1754222
2742631
2518450
3002281
2853489
1907550
3206346
2196087
2005436
3074796
1875129
2864723
3164464
2797724
1889874
3000244
3043129
1728521
1789436
2475837
3418733
2783809
2273537
2159695
2450394
3171733
2020458
1889675
3142200
2052780
2190419
3431692
1812134
3194049
2500362
3237580
2186137
2804241
2247540
2841707
3315502
1957672
2542921
3409669
2369741
2533336
1725760
2896148
3063081
3233668
2060022
2620103
3372254
2930312
3245669
2025049
1842403
2995171
3106439
3138078
2589311
3180818
1817567
3405632
2779767
2533967
2530383
2683603
2842109
2424370
2883906
2802866
2547063
1836460
2985526
2252716
2464267
2480940
2755696
3186642
2794376
2432801
1647055
2587034
1942713
1877132
3433961
2594765
2240230
2297346
3340642
2295306
3027968
1821697
2955589
2733834
1834091
3065524
2374273
2395876
2937011
1940110
2785780
3391460
2728473
2264708
2155475
2179509
3230265
2171761
2850129
2086234
2620096
3087364
3088238
2224285
2856443
2704841
3228796
3402112
1895264
2888049
2671042
3453743
2693664
2177021
3045016
2290390
2580947
3416676
3393315
1739880
2429642
3339115
3294625
2332656
3432709
3120138
3395739
3212585
2874217
3428899
2369688
3069790
2318464
3386685
3336798
2857760
2056764
2503382
1907464
2162309
3292816
2872364
1869356
1681481
1701264
2112108
1654719
2232272
2699566
2729198
3426962
3262500
2331880
1836388
2231687
2765306
2117629
2924309
2839189
3272823
3313015
3293381
3437107
2293596
3443496
2692901
2273250
2147842
2463139
2581028
2290696
2612360
2298978
2359170
2629436
3167479
2155078
3449019
3432796
2632368
2423943
2906265
2622672
3444283
2413669
3320185
3220753
2997968
3161338
3245337
2768348
2210543
2475415
2513151
3130368
3264774
2291947
3300776
1662231
2432074
2188612
2212919
2419934
2505994
2475375
2864045
3125118
1940975
1859691
2674746
2021095
1651541
3332436
1966046
2752922
3029685
1707566
3359822
2264077
2705670
2461525
3287594
3067982
2214561
2655631
2415409
2809757
2708048
2206699
2885465
1642316
2651615
1794510
1933210
2318794
2695835
1812142
2413670
2033852
2697577
2742545
1887358
2857783
1687971
2619061
3173241
2575548
3214033
1683199
3414412
3430120
1928592
2790134
3128348
3445443
2401490
3131410
2270342
2411494
1593076
2536208
3355088
2923457
2113106
1831980
2368775
3106660
3255455
3136237
2393094
3131412
2658307
2617608
2847801
2913363
2035507
3018024
3445459
3408696
1968034
3309668
2430833
3060069
3394835
2285897
3084243
3155218
2620671
1645828
2486644
3353201
2496282
2658417
1691032
2868882
2768715
2201578
1662900
2842891
2502838
1946187
2977440
2404074
3410098
2785198
2850928
2168504
2824185
2174107
3424996
1667782
2396084
3380779
3367605
2391548
2687438
3333348
3134614
2116308
3439010
3084236
2176581
2463855
1842208
3394913
2229286
3282542
2591774
2655809
3338022
3451915
2532044
2637746
3006036
2561107
3264839
2838680
2119523
1836349
2730917
3430794
2520271
2696455
3413280
3038641
3224997
2328426
1802079
1998185
1931544
1610792
2193777
3302368
3379181
3145972
3319683
2832173
2183700
3313162
3374087
2930589
2322596
2706163
3431589
2744518
3408246
1889310
1707250
2670157
2203852
1728351
1649908
3107829
2357368
3038211
2894199
2508611
3309974
2926850
2669161
2323824
1935465
2494088
1923591
1852059
2752681
3308629
2760104
3152216
2404344
2190575
3424804
1744352
2651965
2589739
3250512
2774371
2944603
3115766
1663362
1665867
3157253
2878857
2720587
1882941
2388419
2325549
2468708
3437871
2518615
2988759
3207147
2243519
2308692
2056112
2498970
3443197
2439183
1680908
2811357
2364499
2336282
3235803
3169464
2509175
3432815
2903887
3030429
2311995
3238413
2248429
2076741
2451879
2582813
2613805
2211002
2364560
2797396
2638453
1650494
2718563
2682013
2727416
2548839
2349122
1738357
2376798
1842249
3264796
2607955
2272569
1774430
2267624
2468111
2538177
3086183
2142618
2317395
2741529
2418128
3418899
2678363
2350910
2028759
2873491
1746549
2836717
3180833
1688035
2479733
2399781
2283857
1782334
2502832
1817570
2490067
2891249
2832845
2778078
2641395
3277557
1890334
3014035
3212690
1712171
2766055
3376896
1845080
2684630
2764336
3416081
2571025
1645110
3115768
2216191
2928571
2602504
1686321
2821707
2644522
3117967
1922807
2541072
3300615
2794123
2687828
1630904
2432070
2986360
3272831
2520598
3404049
2356981
2641409
2464265
3199331
2624287
3175409
1812852
2425175
2564071
2392238
3394497
2466066
3035183
3218478
1792690
2910113
2291743
2013332
3216706
3110278
2767186
2353288
2597724
1924987
2256087
2647078
1874308
2955525
2175825
2833368
2521428
3448573
3382320
1705390
3262995
2491885
2978673
2123673
2291010
2200104
1662668
2250607
1891233
3075480
3204570
2199510
2166330
3322211
2508683
3423182
2242640
2704844
2284524
1689898
1654735
2810376
2854256
3196339
2852630
2165246
2741528
3214792
2200645
2462954
3139253
2451370
3053215
3252477
2902104
2533634
3011332
1641965
2870716
3443483
2904585
1955235
3199504
2337687
3421771
2374234
2591974
2399476
2791711
2917672
2589415
2311596
3282006
1861714
3284298
1760896
1740242
2541885
2928797
1648603
2762520
1796921
2543323
1646345
1683098
2575468
2165253
2586251
1944867
2736572
1644628
2250471
1729426
3389891
2360298
1752969
3045041
2836177
2352804
3192681
3023169
3204309
2587411
2184290
1694303
3377998
3417424
2285509
2429000
2757442
3401470
3377996
2879534
2268514
1721346
2348206
2855634
2591413
2209746
1754393
2754067
3049650
3416143
2534801
2050697
2620531
1882612
3328004
1848438
3166899
2389644
2613824
2342985
2853767
3290055
2792591
1710992
3332770
1822407
2647506
1891499
2954418
2993361
3188321
1939718
3209249
2176114
2496296
3411586
2856469
2250082
1812270
3020528
2614835
1934041
3156816
2135059
1719854
2431575
3007271
2879056
2117057
2066824
2470879
2947498
2278849
2889869
1809402
3060509
2280375
3344184
3403199
3398398
3016104
2072134
2187945
1845753
1635048
2733747
3215560
1939528
2957071
2463736
3032677
2163849
2822104
2368802
2456565
2930002
1683886
1873148
2360384
1966656
1815378
2896075
2049170
1720810
2049166
2019329
2389527
3228062
3266694
2689998
2995615
2655256
2184322
2786803
2765030
3400373
2872771
2433949
3010431
3049638
2382482
3122270
2803690
2316822
3442005
2354544
2240820
2024280
2651673
1855206
2534701
3143531
2361148
2520554
3301800
2392187
2641960
1932910
2081310
2682405
1872653
2411013
1866319
2504954
2205190
1926084
2496703
3378805
1706050
2684205
2113049
2681047
1950695
1837615
1849016
2241098
2164142
2829103
2374271
3389562
2332466
2393462
3089790
2229066
2212515
1837122
3353132
3420535
2876543
2358845
2506297
3369129
1826621
2531591
2589891
2178374
2981199
2166359
2986367
3370113
2905831
2571097
2082667
2774844
3367361
2683833
3109523
2612061
3214314
2889551
3036951
3443512
2315484
3402791
2618239
2544911
2682901
3070864
2610827
2531046
2239486
1740976
2525117
1812036
2849353
3034184
2929230
3132961
2077094
1713448
3298720
2914596
2688835
2318455
1827117
2884979
2483160
1998186
2166352
2582311
2378028
3159444
2717109
2401621
3375620
2574895
2581427
2612729
2946497
2781507
1689836
2549180
2078739
2240191
2522040
2449520
2650408
3201575
1833561
2514288
3447839
2573924
2680214
2850598
2444356
3094741
2404914
2165258
2399477
2798118
3427542
2372281
2399862
2259162
1670187
2674394
2346263
3317366
2772817
2502880
2368797
3369862
3252357
2816629
2924315
2773219
2934160
2668344
3309217
3276919
2321909
3012615
2634118
2268030
2285864
2292281
2227780
2696467
3362824
3151066
2148913
2379115
3415491
2087907
2932825
3445696
2241105
2372645
3211084
2477022
2403731
3124990
1738490
2607807
2290284
3258456
3166775
2504886
1706910
1830844
2455761
3371936
2802419
3354266
3244528
1760786
2373809
3352697
2427103
2391493
3166262
2414766
2870850
3000243
1686718
1726276
2332493
3056313
2387824
2005611
2772376
2538888
1834459
2582810
2850514
2934842
2618982
3105758
2912519
2576453
2535489
1780364
2914617
2313971
2960543
2868862
2175367
3117315
2709883
1795142
1637197
3423329
2363159
2621180
2238284
2595898
3344560
1967365
2971461
1675424
3323860
3428901
3208169
2492356
3061129
2532066
2116646
1801739
1928317
1677107
1811186
1621978
2918725
2883144
2675555
2599819
2083450
2748385
1971346
2416248
2580755
3000242
2442095
2926071
2638585
3302435
2545942
2831045
2060464
2323782
1876767
2430563
1667090
2274709
2761600
2552274
2433195
2793608
2840539
2240726
2914620
3370275
1703098
2068105
3213940
2320343
2760047
3445479
2381302
2505633
2447700
1873064
2904225
2258307
1894687
2765423
2049080
2391397
2577646
3162271
2165778
2289367
1820278
3326917
2953890
2241124
2388408
3100171
1620386
3194556
1752614
2463005
2729089
1765784
2371435
2376835
2426017
2212192
2074748
3128461
2992649
1881873
2540219
3152218
2240477
3400503
2841236
2972916
3113348
2905338
2640303
3197375
2799679
2902053
2439236
2408434
2854272
2028574
2638616
2242039
2608827
3401477
2470913
2484134
3345056
3392799
2149896
2331782
3300609
2924760
2066632
3285048
2985940
3060376
2279838
3031649
3307380
2558007
2992382
2992072
3174547
2186281
2522728
3445470
2065267
2326256
3166015
3282246
3209919
3375748
2357680
2556375
2268025
2926223
2778070
2387570
1666218
2395396
3083860
3191358
2050643
2928514
2501051
2025471
3175386
2369835
2385236
1730481
3043602
3040221
2410165
1712683
2721060
2411867
2872360
2826119
2896164
3435236
2480603
2521338
3022375
3100128
3379384
1873214
2766473
2733244
2857626
3443617
1658948
1828061
2716222
3302795
3308238
2964924
1960414
2789717
2263498
2358613
2555607
2390685
1670820
1636373
2988762
1819274
2002072
2211074
2801662
2953879
3269013
1779839
2352767
2684245
2390621
2207824
3320187
3421363
2270970
3284300
2482793
2049079
2347535
3402121
2537450
1698234
2590182
3430481
3015868
2772641
3427903
2392431
2490068
2086574
2834833
1690093
2368278
3280017
3085113
3107164
2669158
3389964
2119532
2983604
2769754
2360541
2760112
2942184
2465528
2057750
3124136
1842203
2387895
1662407
3402113
3433891
1662230
3373438
2827444
1703472
2994850
1961082
3373079
2887718
2329981
2164344
2595142
2611434
2891956
2586055
1822803
2790157
2256009
1958417
2111038
2494588
1787994
1692477
3248558
1683407
2370768
3450092
2241141
3138160
3162266
3153054
3305882
3451924
3424495
2562520
3387049
2421442
2017273
2418129
2124405
2768721
2437572
2249875
1739551
3175827
2437578
2017419
3410068
3068581
2356231
2951675
2649139
2631998
2918846
2423537
3074382
3428498
2410169
2132358
2225702
2166579
2964964
3169343
2010399
2086252
1613600
3191958
3050890
3197018
2356641
2696557
2351203
1794123
3028033
2918308
3180842
3313408
2169978
2750778
1776056
1883662
1755901
2196453
2815442
2918744
2404052
1766015
2324951
2664678
2543324
3138156
1732842
1773877
2658489
2541036
2737062
2467087
3407516
2203200
3274283
2612703
2690780
2637586
2507788
1694297
2054951
2256219
1855246
1935307
2154930
2741530
1626765
2847220
2818625
3017888
1890489
2618581
1851492
2949634
2761689
2999841
2401493
2615071
3042375
1636818
2383151
1651863
2638132
3183516
1819868
2443616
2347741
1716351
2179515
2576173
3213356
1796172
3383904
3300621
2718012
2373895
3172431
1671534
2023803
2433919
2248764
1862896
2127899
3021321
3133188
2190550
3196369
2640609
3276533
3122821
3098528
3250520
2789275
2693503
2449263
3276539
2579203
1935252
3358158
2620485
2413667
2639788
2733798
3411525
2360412
3413955
3428896
3272323
1743098
2568606
2556365
2449515
1955239
2389918
2441659
3423437
2060460
2240588
2508550
2687834
2347506
3229337
1656154
2302376
2372596
2789771
2986440
3096040
2478567
3124851
2671502
2506575
3259886
3147490
2639517
2787228
2406975
2947234
1666775
3384221
1843453
2737588
2801960
2970700
3066499
3010971
2846218
1995440
2824677
1903208
3207967
1723929
2376878
2478542
2541903
1839050
2086240
1960440
2746145
1961326
1829071
3120692
2953897
2585716
2437577
2470878
2952800
2711880
3313816
3220241
2149233
1812918
3403301
2272017
2669464
2183907
2494061
2376887
2392548
3443174
2834923
2860369
2875110
2586675
2990750
2520178
2723990
3268475
2425533
2535312
2234277
2130797
2917287
2206187
3012625
3090670
3056853
2897961
1856141
2198531
3050892
2822524
2433196
1671186
2729789
2506697
2677038
2545316
2151953
3151320
2941530
3033024
2902274
3426295
1671652
3418392
2721055
3426741
2849681
2506699
2437075
3359748
3444795
3279838
2422140
2358913
2769728
2725506
3052428
2288705
1999938
3150605
2117237
2569432
2438745
2550972
2894308
2370951
2688613
2054733
3019571
3254375
2264340
2597325
1701053
2446791
2534330
3414077
2889812
1690948
2481722
2151175
2775869
2786467
2185854
2053819
2257735
2383554
2500689
3163619
3063025
3373068
1950302
1734316
2469114
3140633
1867874
3084202
2766941
3449842
1818309
2415456
3252183
3395448
3176200
2788993
1836096
2735961
2922707
2426804
1947170
3277380
1687123
3029664
3287048
2797036
2817414
2128560
2521265
2276272
2547826
1906563
2340382
3030799
2712375
2684944
3271850
3223149
2604357
2038325
2086243
3402439
3249190
2470294
2179730
2209354
2202097
2577033
2474599
2902276
3387452
1934409
3052761
2328958
2219837
2716279
2074453
3392890
2429650
3163039
2132364
2251110
1698798
2281275
3296343
2674401
2212255
3400446
3395145
2539604
2583753
2905787
1793021
2799746
3045179
2261821
3056002
1818762
3017484
2083138
2326990
2547684
2360330
1922329
2147682
3441072
2889866
3165867
3379608
1727896
1738608
2417716
1648528
3354281
2905994
1878220
3033637
2165211
3178681
1941500
3363874
3269376
2592720
2921427
2855852
2396782
1968018
2453293
2546419
3436743
3263544
1844322
3297655
3342645
2484037
2194456
1669820
1898075
3012278
2389827
2874561
3359459
1890719
2005583
1853284
2748117
1853308
2472430
1857497
3369860
3421362
2557845
3049645
2139307
2792335
3440631
1618501
3209332
2905833
2350320
2276253
2761585
2204758
3220245
3357766
3258175
1938380
3403408
2015705
1813885
2791828
2428170
1812709
2485847
2795308
2170353
2250126
2472291
2999201
3153138
2677989
2040604
2430560
3143532
1731540
2763399
2645937
2550911
2748389
2344790
2280379
2197882
2664807
1866747
2140116
1972093
1703981
2830323
3044400
2505350
3220307
2769439
3340496
2899441
2181995
1926919
3268148
2521226
2740516
2496019
1782330
2002362
2516220
2789766
3418734
2415088
3126309
1928179
1939140
2488628
2705667
2352871
2617970
2536831
2946258
2684572
1882944
1791705
2243097
1792926
3188895
2032774
3278092
2600649
1951471
2587094
1768288
1651346
1631919
3177651
3318803
2088769
2690233
2197851
3106040
2015703
3450716
2369184
2499661
2348182
2857239
1841447
2607542
2030774
1677259
3194550
3083903
2855283
2441361
3361682
2890445
1681073
2585711
2488620
1661802
3290895
1935291
2831050
2298390
1567285
3146044
3089791
2483161
3153252
2509162
3398474
2844385
2036408
2993962
2387095
2633473
3231711
2811568
1769350
2405517
1862601
1660230
2817707
2262669
2366234
3029130
3406362
3222922
2437079
2550685
2259731
2786807
2442178
2586837
2843673
2709632
2980639
1855393
1687527
2241556
2769752
2766944
2939963
3166537
2033853
2537864
3346643
2489091
3441544
2277837
1999473
2223414
1699167
3406518
2750928
2881945
2937410
3382716
2662825
3438011
1899558
2511471
1928991
3370069
2423533
2687829
1824447
2598050
2249482
1819725
2944274
2038656
2746367
3130079
2955539
3392588
3118190
2611594
1835831
2447412
3146259
1995974
2053709
2071408
2172970
2900620
2465074
2568385
2479122
3172423
2840376
2816559
2390231
2764767
2521337
2981202
3104603
3018428
1963167
2750533
3139177
3450365
2235388
2186839
2214068
2455775
3254187
1744644
2023776
2207826
3147498
1678839
2873088
3159863
2772507
2844091
1815113
2074447
2504825
2518437
2466068
3180025
2267875
1626309
3327956
3256438
2513851
1909795
2739813
1694139
3134905
1713752
1727085
3064725
2649268
2451327
3377978
3410206
1796399
1788451
3304972
2606674
1695419
3414793
2679721
1758860
2766237
2177451
1943711
2494505
1820059
1647016
2976647
2995278
3322357
3359948
2218877
2993813
3174656
3052432
3087724
1921397
3435908
2733369
3222929
2612331
2420866
2619353
1835641
3257189
1716339
2212476
2677943
2523192
2420441
1810402
1691918
3377614
3102197
2897938
3230350
2507906
1944460
2464951
2085342
3141602
2994452
3403845
3443495
2337751
2787401
1697524
1648515
1841255
1648242
2443764
2616209
2742757
3270245
2764718
3285169
2315291
2329896
2070034
2372601
3389228
2802733
2760471
1939701
2323232
2864724
2226367
2181159
2736859
2674226
2152858
3182551
2067370
2870534
2674294
1903070
3170232
3277697
3273071
2387489
3335412
1900800
3059922
3346551
2899865
3194748
2447152
2238386
2573588
2714197
3005298
2387481
2657268
3449527
3411062
2438749
2499317
2212253
2188313
2902272
3006387
2504824
2723547
1840626
3100832
2005650
1837844
2917964
3154069
2700563
1858614
3096626
1807356
2983538
2320828
2973010
2269441
2785814
2736053
2542999
2848601
3333030
3447022
2383522
1673737
3299742
1840840
1725174
3141596
1826713
2671048
3210561
2587036
2481351
1784552
2020265
3280633
2368277
2644291
3415561
2262928
1686703
3360972
1802236
2589434
3017607
1856355
2193879
2872379
3281384
1901694
1783860
2319215
2902270
2833211
2088771
2975230
2151166
2222507
3407520
2433473
3070875
1756138
2998316
2691236
2741801
2637228
2754868
2199847
2504811
2652709
2144351
1938105
2188209
1844004
2678391
2130846
2880852
2775910
2748866
3405406
3143538
2494774
2633897
2718817
3302105
1949107
1857538
2716653
1823160
1793952
2270371
3122822
2706553
2593799
2660622
2128105
2460688
3378100
2091183
2879756
2318767
3443482
2376125
2559908
2844093
1822427
1699845
2209589
2249057
2495509
2845274
3408249
2348532
2416040
3235839
1868213
1884011
1781968
2960663
2530392
2274791
2049134
2772506
3407335
2247951
2583878
3179085
2658632
2215193
3434564
1639570
2550614
3429881
3339719
3446165
2644229
2178412
2249755
1663595
3250831
3246684
2441284
3309981
2445562
3410861
2388798
3025740
2734259
2856840
3098835
2127755
3429677
2049167
1657011
2532042
1769349
1787265
2874637
2152855
2463806
1628233
1675414
2809752
3393459
2252148
3340482
2198289
3011351
2369069
3268845
1727539
3101651
3157258
3123983
2902171
3276525
2691239
2753751
2565594
3122393
2346354
2142843
2798113
2593472
2287029
1823584
2747758
3419715
2544880
1710283
2363315
2203376
2527735
2241222
2894612
3178498
1648532
2049173
2051520
3402790
2780998
2181817
2454989
3203181
3180304
2639779
3363613
1936239
1710194
1691098
2926057
2083363
1686957
2742513
2895688
3225300
2755537
2157297
3268884
1833927
2955311
3406333
3276888
2323711
3211218
3146038
3199290
1686715
3048367
3031038
2300573
2726696
2687422
2241146
2929833
1820276
2448233
1664475
2700967
3354293
1867830
2464274
3067345
3373082
3292274
1805662
2872159
3195680
2947897
2329825
2679600
1756465
2433917
3308443
2778073
2722438
2766203
2198362
2312594
2633650
1705505
1686341
3382364
2547686
1911904
2890464
1809352
2007094
3188491
3278009
2949632
1968393
3192781
2743881
3349894
3218943
1669874
1812418
2142608
2304431
2493402
2822419
2187861
2639772
2866554
1658949
2835359
1829400
2389828
3336548
3135247
2234154
1824446
3006038
3226361
2543587
3369316
2321908
2288697
2729844
3341135
2616969
3021707
3235355
2509177
3407086
2752960
3214160
3130137
1952309
3170307
2270363
2221529
2483813
2715042
2798591
3451450
2294362
1657538
1857574
3124846
1821429
3359235
2698228
2794121
3166771
1796407
2567051
1894295
3437425
2165764
1838506
2908854
2884977
2323346
3418789
1703082
1905830
2162341
3252361
2621099
2036989
2675353
2935514
2743478
2658767
2834820
3294583
1812415
2382501
2406495
1701245
3225289
2445561
2916081
3284304
1685038
1669944
2154517
2831049
3273590
1636660
2746898
2521218
2056708
2600674
2524728
2043762
2616206
2372542
2930347
1788681
3384153
3081181
1799689
2589736
3220410
2705720
2781775
2530236
2080827
2671507
1694011
2984923
2677755
2693721
2549605
3388051
1896874
2040181
3357330
2614714
2612679
2963911
1775724
2627547
2479765
2755292
2250325
1643835
2357679
1812043
2472407
3027652
1857685
1665265
3318230
3324125
2198148
2553404
3218063
2295891
1667790
1803364
2369933
2910836
1955237
3409931
3354943
1826617
3437419
2463153
2778411
2951467
2224286
1854699
2571024
2305449
3150606
1894114
1935287
2154934
3158005
1806512
2844012
3070930
1659058
3009774
2059030
2869749
3061103
3072059
3438932
2017018
2166427
1678372
1942589
1894100
2403627
2590069
2484002
2522481
2607045
1901526
2712178
1851168
2184321
3344028
3014233
1755137
3343812
2508224
3341804
2213854
3348280
1693497
2508559
2729925
2372602
2792084
2899532
2196171
3072422
2316821
2523727
2741710
3165844
2367205
2772504
2706164
1812275
3145673
2734257
2443985
1851231
3159946
2442856
3357683
3068574
2398613
1936285
2079221
3316295
3081915
2166697
2433918
2384374
2124071
3375602
3184541
2344488
3028871
3421473
2669458
3263055
3421471
2128586
2756525
3406309
3435561
2680238
2603194
2686081
2965264
2502056
2350317
3235799
1773920
2789474
2858301
2626859
1770062
2379147
3291234
3298429
1652821
3065529
2613479
3213834
1890975
2868881
2657085
2853829
2273326
2425172
2451729
2204761
2521025
3231382
1648354
2292094
2419851
2168508
1942700
3363746
2456426
3277693
3280816
1769361
3294595
2002330
1729462
2648784
1723904
3126216
2352931
3140839
2415659
2837338
2552674
2874633
2361389
3227062
2760352
2079475
2904669
1922260
2162344
3175382
1777200
1788680
2871231
3410978
1933572
3357209
3298262
2875899
2676674
2612730
2661832
3120746
2387089
2206088
2390610
2514795
2084203
2295884
1719226
2071379
2249120
3181972
3200802
3354494
1894504
3017838
3175403
2699668
2573933
2054799
2011018
3389816
2167959
2854254
3375471
2553070
2157453
3416727
2495137
2054761
2630048
3435424
2653349
3000800
2387827
3259618
2453904
3277905
2857523
3368081
1667712
2165256
2895033
2789278
3068572
2269992
2390679
3155605
3422494
2621346
2993435
2783603
2262671
3403905
2294799
1721134
3206729
2769508
3345848
2856514
2264045
3396473
2543729
2443970
1907362
2551861
1816535
1740206
3147453
3216675
3216367
3351564
3452933
2554282
3102043
2166385
2792249
1777529
2999577
2858954
3385367
2670251
2978861
2185920
1995265
2384963
1636816
2972121
2661801
2848191
1629613
3195369
3141597
2765083
2235675
3110799
3080271
3145684
3172922
2465841
2890234
1969192
2582151
2307959
3309978
3282112
2795881
3136805
2242669
3125267
2769910
2934078
2050657
3245937
2975235
2685699
2954432
2904512
3108186
2646285
3196291
3226377
2124337
2954751
2927928
2196475
2154553
2594278
2403358
3244822
2442364
2492633
1855222
2866136
3186814
2948584
2718979
1667573
2756028
2607855
2520000
1795765
1960144
1756604
2974233
2479716
2240526
2768720
2603248
3427392
2903889
2653678
2378081
3018342
2401186
3079404
2519914
2111101
1862181
2390593
2842032
2369077
1731303
1642269
1655975
2134739
3385846
2787117
2468246
3174246
2186277
2832540
2882343
3417494
2367202
2517259
2198323
3395762
3346158
2404855
1944856
2244699
3274275
3133704
2647073
2044770
3292809
1746603
2507944
2823843
2505287
3328969
2355901
2571007
2407067
2544382
2194130
2742502
2540742
2267996
2880451
2199846
1880668
2359551
3375065
2814202
2396685
2946681
3039796
2370428
2453296
2941569
2880081
2167233
2981201
2126001
3382338
2811351
2345809
2495321
2319235
2759064
2352464
2694600
2842881
2772503
3190412
2894291
2653240
1785332
2703071
2899572
3243662
1672642
2920787
2578932
1698086
1711256
1926618
3006258
3284297
3427016
2128593
2224020
2662916
2976658
2234390
2118503
2360390
3387123
1684631
3053460
3342434
1857585
2406974
2112848
2991187
2317918
2325552
2522866
1923663
2441689
2114520
3415407
2991919
2509147
2867564
3387371
2200396
1664261
3398396
2062322
3387851
2683363
2427847
3146380
2759946
1816508
1646668
3344012
2829597
2243332
2914610
2531598
1870584
2571965
2714600
3041478
2559921
1699461
2149085
2615387
2373887
2330416
2411064
2741918
2862517
3021319
2634918
1629413
2682187
2259171
2083891
2955977
1746793
2819624
1649845
2601350
3175946
2832179
1911416
2200622
2385858
1899563
3380780
3209402
2323014
2455527
3333034
2155031
2590032
2426819
2525164
2681372
2901693
3138500
1859784
1712733
3105497
2240585
2203159
2923147
2937415
2267876
1961080
2779530
2858952
2638371
3195367
1661486
3254199
2862894
2166548
3408171
3149952
2203160
2893519
2204476
2890878
3281947
3130241
1733583
3226510
1760536
3287055
1673841
2353247
1638001
2816774
3255459
2756590
3012267
2086249
3344181
2465836
2369101
2308476
2682857
2317385
3061047
2378064
1934347
1737316
1836118
2767772
2070146
2581032
1783549
2463390
3200929
2241144
2175378
2108506
2399394
1789263
2773369
1648950
2982060
2346296
2858585
2396152
2698221
2453848
3043300
2906655
2887707
3236747
1725111
3319667
2165255
2970304
2878860
3136899
3454092
1856371
3260446
1725049
2744276
2877640
1921794
3354490
2855680
3172208
3278744
3360603
1975003
3310385
3235416
2760150
2428246
2689840
1666515
2387572
2639255
2205207
3432716
2686053
2852603
1607893
3011344
2211400
2050709
2983659
3090675
2472288
3403115
2576842
2869729
2639512
2005435
3230353
1724641
3447118
2752378
3234384
2485174
2590625
2623923
1939033
2424390
3014581
3204848
1895271
2228754
2610139
2528007
2222437
3097949
1728089
3215243
3355719
1661214
2979722
2949246
1927856
2499378
3018736
2861539
2513840
3431596
3184166
2078711
2518453
2581196
2620098
2731243
2370337
3244533
2513189
1675398
3424998
2169547
2049487
2734224
2638622
2641551
2306179
2614795
3160162
3169757
2544082
3169855
1802167
3171367
1837830
1786163
3295408
2457636
3174897
3148208
2389631
2509017
3159674
1689659
2370334
1762210
2947286
2498032
2783679
2839464
2757484
2821313
3247358
2109153
3336059
2546809
2577047
2820726
2993640
3162448
2496679
3384795
2671442
2474389
3021703
2839670
2748195
2845543
1786022
2634912
3050889
2461567
1646349
2430828
3364218
1687407
2618958
1849658
2002063
3290485
2397776
1689876
2633245
2819783
2847627
2410189
2482541
2632005
1834982
3430669
1932092
3150609
2515168
3305688
3366684
3238440
3102582
2023640
2205274
2763990
2263824
2310549
1933168
1664205
3408597
3159155
2950715
1852083
2644472
2795060
2122117
2161108
2127327
2501520
1836766
3294646
2484155
2547685
3344273
3214802
2861273
2194579
3259508
2065671
3437426
2849573
2369821
2873710
2510591
3390876
2748639
3290331
1812162
2651362
2905340
3406345
3351896
2640610
2519931
2316150
2752309
2611465
2786625
2692751
2080666
2464263
2535311
2936420
2507356
2531404
2540223
3432264
2318545
2404921
2306048
2169303
2789847
3188610
2769749
2928508
2497603
2590838
2186683
2209947
2458927
3127622
2326226
2078705
2038324
3089788
2881287
2349259
2792718
3047605
3119446
2634268
1793115
2585349
1740357
1669934
2922825
1674571
2579825
1889867
2596919
2443966
2167242
1661364
2518945
2197237
2506791
2033210
2563814
3362825
2819105
3184146
3395371
2880624
2088568
2412315
2654542
1679225
1652537
1907395
1660680
3394996
3151508
3183629
2865001
2345233
2311832
3432659
2856200
2732319
3230349
2208457
2144258
1975496
3063903
2996280
2769753
3277906
3377657
2671490
2113462
1596534
2959293
1996154
2639769
2433953
3118802
2774812
2401500
3435517
2677034
2562507
3367717
2347519
3304504
1782829
2380992
2751243
2472285
2418577
3443497
2448892
2235669
3102051
2715275
2856859
3328318
2440392
2421118
2622665
2315480
3198802
2050397
2301890
3403514
3252359
2499660
1669412
2496735
2480561
3353904
2452331
2993363
2680299
3069051
2912130
3118030
2279983
2060372
3375434
3243656
2353161
2879088
2870484
3230345
1890991
2440394
1995624
2286993
3335519
2923531
3278222
2473561
3359907
2401501
1926220
2756834
2504491
2258021
2494093
2505997
1655707
2357141
2742579
1653707
2772822
2162916
2062010
3377080
2401961
3277370
3236060
2015707
3064730
2621339
3228807
2885811
3420452
3057217
2744867
3356149
2291083
2145777
3028928
1736394
3133555
3353629
1641669
1971717
2951425
3222617
2363001
1753599
2466600
2224854
2612798
3208973
3408175
2897016
1649500
2807544
1802649
2666603
2353274
2374224
2843805
3070986
1720484
1830267
3123515
2380246
2453716
1826620
3334681
2594676
2356236
2569206
2477606
1978815
2589308
2166732
2273891
3209972
2610014
2728896
1846298
1929182
1850409
2571008
3023877
2359165
2639026
2620417
3122786
2507916
3243661
2374514
2348530
2740067
2413702
2119909
2961238
2817706
3448799
3053304
2122564
3128351
2086237
2741526
2342044
3368059
3394584
1785767
2688480
3331392
2456562
2548284
2179827
2535308
1738836
1812046
2691680
2896174
2939550
2170220
2074378
3369858
1632109
2359158
2344779
2384834
1788610
1634046
3407163
3276582
2334763
2286404
2498723
2844087
3440484
2341683
3346157
2735287
2494072
2568383
2569699
3413796
2404223
2259467
3358610
2924328
1868586
2341268
2012172
2538674
2914618
2633326
2565146
2556890
2249369
2960911
2724054
2689803
3286439
1842408
1788691
2545434
2078016
1690949
3351898
2168505
1793481
1865560
1707724
1635799
2674348
2697847
2184552
2733381
2356944
3310600
2741531
3047122
1846282
3202326
2656824
3354285
2489347
2823990
2603112
2399706
2647616
1957193
2558347
3254829
2177928
2536832
2954449
2170640
2261173
2410600
1688613
2639780
3155967
2592046
2829100
2688616
3245968
1927852
3161499
2871367
3015861
2514820
2733744
1867457
1648482
2791135
3162705
2628290
3280258
3188489
2271588
2128261
2589309
1925060
2681983
2740805
2999756
2083583
2387818
3358360
3105479
2496281
2412900
2347112
3314368
2755291
2645869
3440494
1805777
2086246
3255045
3156251
3385293
2800380
2358618
3102671
1839541
2359167
2732442
2498262
1911144
3394088
3215762
1880207
3430793
2761599
2546808
3349594
3448260
3173543
2298937
2672669
1653736
1860952
3134447
1835377
2675546
2244066
1686667
3127294
1643102
1972566
3222021
2197242
2710938
3192224
2847832
2821315
2464645
2086236
2746904
3143582
2707551
1897015
3186223
2543027
3252177
1953803
3166196
2993645
2993491
3181856
1931057
2551853
2431560
1874717
1846673
1730604
1821177
2300495
2430923
2619351
2519930
2581512
2492313
1622089
3197734
3068584
2113848
2421126
1870690
2843285
3216713
2888047
3365566
2634767
2395445
2886200
3166774
3102962
2364003
1909468
2966739
1961290
2968461
3328554
2676262
2399704
3160507
3367581
2793619
1703375
2980164
3238387
2893830
2141942
2399502
3362161
2344549
2522724
2955537
3285566
1697831
2383158
2440600
3216741
2410768
3322398
2363005
2999838
3129536
2774822
2368970
2612432
2840633
2273983
2772505
1830279
3079526
2716615
3405465
2066448
3061276
2848600
1687798
2667545
2856863
2790100
1681859
1648338
2531657
1838735
2714997
3400510
1826804
2464262
3373884
3349844
2766576
2344020
1666788
2240821
2577661
2980693
3281701
1779828
3152215
3141603
1682260
3265381
3067340
2176445
2843672
1809423
2359159
3393322
3238767
2410180
2281899
3192675
1647467
3006444
2179162
3251390
2560822
2513508
3250824
3154018
1874718
2186133
2922274
1609472
1930627
2593800
2781782
2650584
1923593
2623197
2560629
2186132
3184149
2551806
1855441
1820109
1734680
3146006
2268292
1822646
2894572
2281794
2701716
3363565
2991184
3225286
2305918
3361557
3092922
2476594
2480939
1816562
1646030
2766058
2824152
2516189
2740068
2668249
2753856
3414044
3276034
2714702
3026390
2171494
3269850
3237202
3283136
1925955
2732819
3262495
3058825
3008840
2665068
3143174
3355728
3385972
1830244
2231660
2259474
3034824
3434526
2514134
1641132
3199276
1705263
2841220
1753196
3129806
2078741
2667568
2997939
2807935
2864258
2432038
2439686
2883947
3112180
2840540
3304401
2403295
1865554
3402798
3405072
2536155
3060313
2442838
2372559
2926910
1638192
3045044
1646077
3089267
2456897
2057173
3230351
2871603
2663285
1951321
2956899
2410185
2986373
2403757
3008791
1935630
1782801
2271650
3022382
3272093
2885454
2194036
3444785
2353936
3053690
3045424
3346215
3060506
3349597
2473942
2979111
1865550
1656131
2562518
2442362
2925453
1995625
1816300
3117970
2369836
2537871
1816650
2862685
2636698
3045045
2371774
1635344
1997619
3416443
1698196
2628257
2477471
1641646
2984925
2980167
3207563
2618575
2748864
2073218
2285066
3220248
1880695
2198150
2621124
2808694
2513695
3332769
3358823
3286216
2378010
3248296
2989541
2355131
2287076
3320119
3357739
2615109
1934690
2300022
3127292
2850515
2240522
2642645
1793487
3425439
2698233
2680826
2756020
2311597
2207827
2371190
2390567
1856632
1928153
3089816
1774823
2323841
2350404
2293255
3078120
3258964
2976650
2081210
2263066
2451708
3045927
1631199
2612112
2676914
2240587
2665605
2771194
3086389
2969538
2638060
2318878
1668064
2843754
3214320
2248842
2398166
3036209
2466140
3348926
1648481
3264784
2294151
2162194
2935174
2204656
2207542
2645956
2547680
2813133
2665028
1844006
2604643
3061820
2448437
3444498
3416117
1874719
3167686
2591790
2380349
2575052
2139863
2650122
3378018
2910049
1891155
2415107
3369043
3226916
2256011
3268843
1723442
2505702
3014036
1945539
3417405
2411183
2467089
3300614
1632118
2389228
3175389
2674219
2252593
3213318
2414043
1886425
1887370
2836175
2423321
2915006
2063141
1703376
3107532
2186134
2257893
2855612
2605806
2166425
3197178
2260845
1940426
3425258
1626755
2509954
2240727
1824033
2388405
1627781
1786294
1812048
3047506
3192208
2357258
1852223
3354337
2044581
2987421
3435663
1805322
3153048
2648379
2736735
2162921
3421468
2757858
3313820
2397445
1834983
2349282
2652131
2286405
3440059
2805351
2582158
2602466
2897221
2941501
2886201
3121648
2364437
2500387
3077251
2632738
2535310
3262505
2687821
1857293
2802725
2873181
1722961
3059005
3209065
3385426
3349878
1903725
2730797
3025316
2503135
3127757
2635110
3280263
2686294
2279910
2370173
2682114
1945362
2937030
2578931
3432258
2882344
1781762
2755708
2614302
2450343
1782496
3216710
2618675
3118639
2278469
3420314
3139138
2355048
2936748
2331763
2331170
1804909
2674849
2641391
3219089
2891580
1898399
2252255
3181729
3206715
3183074
2870245
2746365
1687417
1768137
2639550
2259681
2491524
3060311
2500728
2931482
1906177
1803250
3065520
2249367
2758303
2878509
2659961
2938747
1804529
2209410
1834974
1686708
2499869
3059017
2508613
3117851
3074404
2760109
3025320
2586109
2767189
2295381
1687327
2318758
2958063
1813002
2658374
3202796
3420516
3325290
2493761
2389492
2834625
2219489
3273068
1691196
2751658
1695677
2176124
2238455
1963190
3317105
2197864
2687037
2850121
2285237
2688475
3074103
2683406
2359161
2249144
1822415
2896499
3203982
3116847
2752908
2079227
1882943
2655816
2286725
2461349
2602874
2501473
2210610
1641953
2780817
2279348
3411558
2404051
2752914
3182955
2494466
2672627
2390972
2441278
3415368
2277638
2300958
2526578
2820300
2119987
1781661
2694478
2618251
3213936
3286239
1842642
2079171
3240821
3295409
2715475
2534080
1734357
2589844
2109338
3080483
2900729
2929284
2686999
2789704
2947512
2140142
1943431
2900682
2166326
2735286
2261184
2501037
2641945
2205827
2469319
3218696
2212017
3035617
2161535
2166423
2843256
3418403
2618001
2717906
3180836
3368083
2638623
2937448
2270833
2017372
3041120
2281816
2702342
2442363
1835643
2536828
2473113
2293391
2545007
2858298
2960970
3006385
3081187
3439400
2594282
3196871
2170951
2260436
1757082
2573874
2890444
3430685
2757445
2518446
1868468
2062553
3240788
2530686
1894097
2772495
1709019
2568777
1637329
2797808
3085917
2445289
3418396
1669099
2855338
1647013
2587797
3189753
2173871
1680926
2448433
2533645
2603735
2800825
2116298
2546802
2165006
2480601
2203164
2507202
3083864
2568386
2258308
3094473
2577386
2859835
2694897
3361677
2068102
2642643
3155954
2853021
3126669
3131406
1785365
1725755
1693649
3354277
2739148
3337759
3369315
2637109
1815108
3403198
2362846
2559970
3156586
2797586
2597714
2829596
1811116
3439278
2409834
2772026
2485204
2675770
2896018
1844191
2351575
1638863
2584284
2050996
2081986
2203165
2076694
3415848
2558459
2854908
2753746
3107853
3358318
2675564
2231503
2550673
2160892
1728185
2155079
2545451
2790219
1857485
2950632
2673795
2778076
2383523
3258920
1981250
2944253
2754039
3122391
2282470
2203600
1692330
3398481
2027345
2126189
2233062
2906780
2628975
1782355
2812848
2273619
2019104
2771762
2518448
2174005
2466054
2650916
2037187
1861449
3356642
2031719
2344515
1845765
3370789
3247629
1882095
2403633
3012634
2508285
2790145
1878815
3246950
1957429
2465839
3336936
3118790
2649966
2343546
2433214
1885090
2344856
2571967
3371638
2393757
1852238
3228069
2086569
2797789
1868437
3125744
3375406
2833466
1779188
3432664
1638960
3354343
2540842
1681675
2805350
2993643
1974312
3221302
2703302
3149318
3389565
1789428
2762047
2552908
3081188
2970335
2404045
1955152
3164338
1866584
3250836
3396916
3071232
2405024
2937505
2803815
2240725
2474388
2698234
2942624
2263516
2565673
1938971
3204534
2535910
2386000
2490475
2002067
1812041
1882847
2087414
1777156
2656746
2902109
2252144
3433830
2440092
2657265
2341682
2733245
2463497
3393994
2884718
2924786
1975824
2744143
2283846
1820133
3406983
3276626
1704779
2811959
3098531
3048389
2474393
2664364
1683518
2789359
1706752
2222030
3346972
3011349
3181864
2346646
2494187
2186136
3195155
2308619
1854183
2621924
2506747
2450357
2465844
2577385
1652518
3274951
3141157
2342495
1654485
2499318
3245671
3159313
1742910
2276722
2869786
3220786
2300764
1633273
2997950
2040268
2088413
2705760
2671458
3421782
3196370
2206084
2577644
3398003
2949119
3323883
1812045
2993357
2976694
3037123
2519905
2517254
2500701
3095860
3182359
2880085
1696487
2750931
2689892
2928325
2005891
3167790
3081918
2945562
3228057
3413442
2936345
2292309
2677052
2657093
2864044
2465518
1694574
2109163
1801868
2080457
2941162
3102052
2167244
2773223
2900616
2577038
2884513
2921362
3144886
3260449
2565590
2185046
1667701
3287584
2532723
3155965
2197006
2481832
2464270
1862425
1667973
2435536
1771026
2365784
1679106
1997176
1837352
2331808
3447824
3207121
2736734
2347685
2200399
3112213
2538764
1928219
2983884
2157449
2844089
2596860
3409126
2426790
2066348
2181046
2495138
2868986
3192792
1735751
1700061
1819650
3246270
2407799
3292817
3363824
3172219
2649807
3299009
2219721
3177076
2716805
1825991
2903894
1680937
2587106
1792974
2240519
1925337
1943398
2333372
1763642
1864564
3279856
1856361
3054088
2910105
2578322
2632703
2862421
3084590
1898134
2210170
2123444
1688072
3170749
1615159
2552244
2509174
3034051
2518438
3385689
2677593
2313707
2551064
2200054
2650562
2980394
2538592
2673531
3382800
2499740
2606677
2964704
2495703
2589376
3383947
3132966
2404053
1936259
3396560
1686580
3186350
2310416
1844209
3430665
3214012
1669192
3079109
1709021
1681812
2504809
3043890
2390613
1926157
2788299
2853490
1781828
1629610
1945828
1741021
2720844
2449179
3314112
2928801
2754151
2513871
2921388
2472744
2737899
1934426
2504827
2553468
1870569
2763989
1817160
1674800
3264416
2170354
1821186
3286217
3200001
1834130
2386363
2200261
3285545
3222069
2651359
2404207
2613835
2737952
1854195
2470883
2088576
2551864
3427037
2387571
1869371
2631017
3429400
1809462
2709933
2751177
1841870
2431572
3435666
3107525
1820823
2861322
2657098
2735474
1980192
3238288
1696035
3343157
3363606
1624345
2371775
2684946
2653198
3008994
2285233
2687161
3163824
2841549
2348202
3052517
3174655
1698795
2744558
2822153
3004559
2929297
2407281
2744517
2259673
2760149
3060307
2999785
3279835
2494454
1816301
2111461
2888051
2578069
3196293
3049176
3034821
2681958
3175404
2655255
1895816
2456930
2391305
3365418
3368275
2643120
3428342
2445201
2989478
2314898
2408435
3443924
2336273
1653098
1947253
3090278
3425337
3213937
1906982
2829595
1635046
1644735
2444290
2805549
2733243
2251881
2343024
3156969
3281950
1973848
2185045
2286092
3064356
1710492
2335094
2576091
1771899
2008227
1711484
2459775
3047505
2222428
2276741
2331788
2287059
2830076
2954433
2975274
1675038
3070952
2245310
2653502
2198278
2504812
1889320
2743178
1753369
2982848
2465843
2401624
2319704
2547714
2882342
2933391
3149150
2833107
1673428
2654309
2352898
3158252
2440614
3059910
1929447
2648429
2550359
1856135
3353692
2813139
1685550
2637135
2177017
2593536
2535911
2628273
3302851
3160834
3110279
3045000
2786801
2720423
3188314
2575054
2607933
1865621
2805341
1855408
2642766
3402839
1809533
3160809
2578536
3349466
1710822
1938730
3236319
3273260
2367509
2285632
2979713
2599851
2760472
1685849
2578927
2639500
2259169
2876342
2620459
2887704
2920482
2788167
2215886
2988174
2982823
2820132
1909003
3197419
2473938
3213598
3389571
2962091
3383949
2915385
2685380
2200053
1673808
2684165
2882969
2423950
3139895
1654369
2223420
3089792
2460411
2404430
2294160
3372170
2372344
3261176
2494087
2857284
2784228
2797326
2774860
2461873
2450755
2216166
2850888
3258469
2976704
2049168
2850094
3250348
3306744
1846254
3325537
3442614
2266439
2998314
3189216
2743400
1953547
3391614
2051605
2514501
2113679
2117054
3420560
2995553
2590297
2505391
2306113
1844666
1664478
2072757
2559922
2928792
3445050
2386698
2961704
2488131
1853847
2599374
2431586
2411956
1891479
3251053
3019159
2516221
2489349
3394786
1694579
2791041
2401977
3011348
3404966
2507111
3402316
2748634
2463077
2655784
3027967
2410223
2793805
1660683
2240827
3427843
3311051
2956672
2641557
2935515
2477973
1905213
3302440
2579035
2499314
3227755
1663656
2219816
2189601
1863225
1798392
3056851
1865803
1872776
2469322
2852599
1876766
2957737
2801471
1762296
3063897
1817180
1796198
2401619
2248652
2689839
1812063
3447892
2634765
2620420
2397446
2367681
2205825
2007089
1639314
2846804
2772377
2902910
1739889
3435891
1889540
2151503
2757154
2984661
2358616
2675316
3039005
2518157
1805342
1681888
2491533
1817569
2276115
2528144
2327095
2499320
1667578
2776248
2568602
3306745
3412452
2778071
3002944
3443492
3446243
3281699
2367888
2986256
2412057
2390491
2607545
2767188
1882615
2145421
3229154
2986049
2833826
2854545
3016693
2168507
2630442
3330405
3414181
2198727
1822183
2266441
2365911
1726363
2326767
1711198
1855855
2020495
2900724
1794630
1711230
1771572
1719237
2294904
2511467
1799239
2687023
2775214
2749313
2005434
2325540
2088502
2512194
2321733
3399008
1939535
2415417
3426323
2302180
3258186
3417082
2915000
1767323
2807545
1731680
2381719
1666777
1634685
1844150
1851489
2683484
2484349
2491852
2850126
2277302
2413668
2059917
2166327
2841253
3209561
2467899
1953035
1835931
2714607
2090550
2784974
2243517
1953348
3020158
2683550
2257587
3056317
2669198
2391534
2305921
2411875
2622670
1643851
2310398
2611983
2565355
2903309
3042384
2346755
2900204
3314694
2062201
3421879
1672255
2554279
2425076
2307135
2547096
2919819
1666731
3252914
2632801
2684158
3143984
3293284
1822332
3083866
3402841
3170917
2832972
2209591
2637143
2738742
3345343
1860153
1809407
3377277
2250323
3403876
3010939
2693663
3158627
3250827
2074146
3380122
2211702
2176095
3359965
3133787
3197743
3254195
3309138
3063584
2994155
3367108
1939099
2488663
1837612
2478714
2821531
3358062
3157431
3180923
3438412
1805839
3138168
2187480
3262501
3245351
2393873
2427067
3334421
2989942
3101628
2498955
3435871
3344561
2724096
3166002
2486580
3033028
2976721
2952804
2810469
2988764
2797713
1907348
3081110
2485728
3211473
3440353
3229282
1742499
2838681
3268297
3251155
2942172
2516561
2249759
1652527
3387057
2417759
2178373
1703093
3030813
2033212
2574300
2965842
2885961
1972958
2922702
3207145
2709491
1779868
1758931
3418513
2891999
2579667
3382176
2659584
2345810
3303665
1817542
3154522
2477792
2086242
2754094
2523428
2553783
2027343
3370900
3440568
1841912
1845079
2689738
2240819
2367220
2410601
2760114
2790371
2277636
2507912
1860148
1673031
2236873
2694866
2494777
3215493
2716807
3211590
2279820
2991231
2206179
2974347
3181061
2769451
2055935
2364780
2390171
3407954
2460547
2416251
3165849
3207897
2703951
2749025
2293191
2287028
2772512
3023836
3405880
2464264
3361643
2419308
1660347
1861708
2731633
3123988
1873486
2962676
2353934
1656429
2959297
3020510
3411506
2940139
2694671
2877656
1923780
2279984
2049172
3023107
3154249
2694507
2653592
1949095
2353282
1663473
2077859
1740219
2616590
2198152
3413420
2834798
3251705
2247407
3440489
2033377
2694896
3173037
2305279
2513602
2240584
1567280
2644060
2233013
3366394
1781033
3327682
2552910
3440505
2376129
2250548
3290378
3235807
1828477
2292224
3084633
3144381
2885052
1812677
3369477
2946675
3358161
2505731
2864985
3166192
2761629
1716858
2091388
2730533
2179159
2302342
1640075
2949501
2296283
2676158
2800921
1787727
3190130
2529138
3444683
2741834
3227113
2692804
3258282
2223144
3395039
3389268
3280362
1995066
3024306
2753289
2870814
2042595
2688637
2573907
2806760
2015706
2687861
2194851
3046751
1942692
3056852
3095672
3292187
3290380
2600491
2779114
3069210
2811551
1823480
1684159
2347738
2281996
1842855
1685258
2466069
2347983
3048310
2115478
2174508
1945458
3426101
3073564
3356640
2767207
2475949
2741041
3112826
1655642
2518451
3040536
1788669
2769887
2987833
1776636
1762344
1668958
1857560
2597458
2370264
1814003
1719003
2293069
2532045
3363363
2536450
2796615
3235371
2291755
2691229
2367524
1936538
3428841
1742762
2436750
2894266
2465010
3036706
2461339
1664673
3056006
2249748
1872294
2145098
2445292
1662666
3187475
1835300
2468259
3017960
1691243
3368249
1947541
1996111
1757531
1680622
2186282
3384819
1780631
2686297
2738403
3095546
2591354
1950689
3064193
3057411
1726687
2501331
2883236
2612704
2673019
2241128
3435981
1653099
2574902
3442301
2181039
2523541
2448442
2850932
1762817
1612322
1761873
3376946
3323486
3320503
2818496
2287110
2584821
2076309
3151467
2746156
2255448
3257511
2690011
3113811
3258291
2933035
3220013
1821445
3153304
3122378
2368274
2961283
2520063
2883951
2309582
1779177
2872362
1663647
3399074
2538017
3375604
3356835
3108647
3192687
1899724
2470893
2436440
2513155
2733746
3165833
3308243
2445927
1905756
2234050
2033053
3274285
2876425
3141836
1810053
1672699
2500485
1903068
2775917
2042279
3265314
2994187
3181445
1813690
1836824
2306116
2497173
2885854
2145109
2672322
2158903
3069200
3410722
3408163
1643831
3301550
2402937
2603744
2913480
2724073
1735147
2934843
2168509
2552912
2602393
3156252
3182552
2022848
1759991
2817920
2844414
2062321
2879760
2342261
3352710
1887369
2792814
2307144
2702312
1655146
2079487
2820660
2733424
2913676
2975522
2889508
2374007
2844780
3262174
2920218
2155492
2541902
2974346
3439439
3206290
3166284
2358476
2454930
1968043
3303076
3226513
2307958
2959402
2706167
2509956
1870101
1893398
3283576
2786844
2756344
2474460
2692422
2876062
2574901
2518454
3349850
2005108
2460551
2470920
2883949
3221269
2984662
2925022
3398568
2747716
3155381
2234452
3028160
2872813
3286215
1995051
2361777
2532034
2161106
2791140
2479191
2931480
3035209
3142370
2911618
2754134
2516570
2302985
2294941
1754394
2044583
1822177
2216708
2446485
2210669
2387828
2380453
2669159
3354912
2033851
3250400
3384143
2652904
3443486
3386674
2715058
2572771
2004358
3170254
3171516
3008447
3397224
2345808
1643655
2175829
2508220
3146007
2006446
1697940
3356894
2947128
2451319
1802171
2596948
2694865
2593385
1894307
2856860
3106341
2252956
1866739
3268645
2182608
3295417
1903302
3005303
3146347
1692053
3010300
3085920
2391297
3447159
2221687
2634277
3305954
1824169
1856142
2162908
1941290
3152207
1708873
2419297
3047323
2925499
1704944
3202633
3445472
1690918
1823658
3161340
2709488
2366800
2577647
3053247
3097964
3243658
1661215
2538014
2518068
2830896
1607695
2360380
2518988
2775938
2053242
2709115
1828429
1678924
2280877
2416783
2873173
3073988
3430709
2753344
2622834
2485956
1746304
3305888
1875649
2786382
2192075
3065537
2387849
2881943
3383309
2487320
1857583
2305463
2821033
3013160
3410646
1681855
2930348
3220788
3287626
3106271
2961021
1838133
1854263
1862871
1812037
3405904
1937778
2166333
3360863
2087566
3020182
2363258
2883910
2777487
2166426
2327891
1711202
1902910
3404965
3182006
2560628
2939851
2791703
1904544
1727571
3254208
3197805
2640293
2470140
2401191
1812040
3251381
3214437
2380626
3422290
2358905
2072827
2749023
2212254
3194552
1779416
3406420
3146383
2802732
2312590
2524247
3173326
3338683
2424366
2386799
2042621
2501028
2906710
2630112
2971716
1684664
2340970
1665335
3093676
3251951
1940431
2110883
2204475
2542090
2494181
2319926
2359588
2791985
3344677
2682815
3163818
2263378
3343527
2534311
1737770
2752600
2323424
2240193
2521225
2213036
2059552
2522796
1731040
1795504
2484018
2787150
2758796
1866539
3122337
1828965
3382587
2983605
2164053
2765830
2318059
3131396
2545012
2180253
2451304
2894571
1864568
2196999
3373537
2494100
2368777
1645867
2247128
2200486
2754177
3183626
2460920
2999490
2580996
2975574
2408441
2550965
2732131
3102219
2342742
3432016
3108369
2206083
2595853
2171636
2509362
2160289
3234371
2774850
2803585
2751121
2039803
2481666
2772510
2318873
2337688
2194221
2079483
2222701
2796877
2385312
3065535
3329713
3248546
2741793
2483159
2763907
2843778
3281459
3073448
3211043
3220243
3147539
2488551
3367364
2240524
2994153
1654300
2793831
3434520
3118792
1721419
2227542
2905475
2039316
1737037
2493393
2049390
3341043
2015692
2758314
2229477
2349428
2896185
2348520
1688632
2383161
2957338
3323371
2066634
3386670
2926416
3262130
1672587
3428884
1873915
3017850
2821311
2791038
2968793
2209945
3371839
2092689
2412314
3157999
2325069
2969573
2921278
2941556
3385465
1661206
2622669
1686721
3336954
3238282
2165261
2581459
3304382
3249011
3067128
3173429
2111581
3048363
2756926
2891575
2307105
1642467
2261176
2716614
3179648
1957370
3263017
1658870
2542813
2776383
3378240
2344851
1812152
2458926
2742245
1736234
1740187
1877022
2145645
1887372
2750259
2974336
2338461
3238412
3370106
2779501
2682155
3050912
3147497
2437076
3414866
3197695
1669038
2433479
3121958
2596981
3236324
2352456
2893127
3397847
3083868
3383024
2541970
2688964
2196405
2222431
2433216
2881946
2452621
3118082
1830407
3329990
2233018
2706069
3216668
2747246
3209178
1882611
1937074
2954382
2932318
1706047
3056316
2392228
1930551
2685611
2071760
2318066
2781558
2180883
3231616
1671951
2168001
1825248
2359646
3373124
2476201
2997943
2495178
2602139
2682406
3261029
2467820
3282772
2251307
2577642
2187956
1752411
1894871
2964532
2682801
1812277
2344012
2414728
3255157
3306740
2602791
2912124
3123680
2306184
1620818
3435875
2662488
2278080
3298355
2607199
2674737
1959979
2413307
3045048
3321323
2805352
2748387
2369837
3304490
3378666
2620647
2194216
1834578
2744514
2394515
2342050
3186691
3016110
2411108
2494776
3019156
1665239
2747760
2127672
2644799
3023168
3171519
3062981
2946368
3038327
3399065
3236440
3434178
2509651
3125892
2671268
2240518
2285267
1782321
2431612
1743061
2733518
1822435
2464639
2890437
2614826
2734280
2677642
2535095
3191361
2470144
3194028
3251426
2847797
1771177
1702061
2198656
3339593
3000295
2381303
3176210
2477907
1626312
2381979
1860151
3012475
2772515
2240823
2435535
3182353
1662555
2389790
3445701
1745519
1801778
2240586
3073673
3402761
2065223
3423655
3143267
2873940
3410595
2340940
3070531
2615636
2823209
2940892
2184778
2327357
2615509
2567736
2550562
2544065
2005142
2913393
1861216
2655259
2967206
2774438
3203116
2313194
3249835
2961023
2350078
3019805
1691492
2739812
2544974
2465692
2826791
2200487
2545014
2748002
2005433
3018531
2305280
2713884
2501888
1690119
1822178
2941550
2803479
1844210
3052434
2486479
1866414
3139002
3355775
3061168
1870675
3169856
1675319
2410172
3414913
1753540
2592705
2761766
2814834
2504807
3022179
1680517
3427130
3373388
2504543
1681500
1961395
2194856
3330922
3226874
1939899
1885027
3338424
3401707
2224990
1896118
2626380
2736877
2052070
2200398
2231890
3406321
2904931
2119118
1943089
2268768
3042392
1689838
3448481
1965045
1790522
2205684
2616973
2793116
2350124
2516572
1856268
2292114
2168364
2011377
2129849
2810711
3435358
2309057
2917286
3236435
2958496
3280811
2955258
3284813
2360100
2972942
2513867
1809422
3106270
2318076
1756661
2162334
2316550
3121913
3442424
2629069
3060512
1731277
2183497
2523671
1605769
1721353
1795298
2904929
2480403
3429727
2560625
3043852
2541335
2486472
3432540
3199288
2716808
3061178
2315483
2847806
3286445
2882406
2152204
2794134
2988765
3426965
2895687
2267877
2953895
2872854
2001587
1905246
2405324
2330900
3328321
2984931
2473120
2510916
3179716
2349133
2313969
2127681
1971011
1926308
3428892
3041996
1692130
2391362
3284821
2823994
2891957
3265313
2675362
2954446
2430936
2389941
2880084
2215881
2789867
1881219
2789133
2698229
2348595
2963835
3453305
2833359
3091033
2177935
3251646
3141790
2413938
3398475
2169106
2842110
1729293
3210602
2679777
2499688
2022025
3408437
3073924
3068582
2688815
1861199
1834973
2977467
1716347
3154012
2914619
2307405
2568607
1957665
2169824
3446870
2198142
2358741
1709018
2647964
2999580
2742484
2393511
2657935
2297286
2241154
3251408
2501823
3333354
2325093
2866141
2748531
1812132
3167288
2533948
2637755
2789277
3420032
3424677
2331889
1906187
2973608
1655575
3126886
3375307
3061621
1852744
3296355
1933180
2443971
2784214
1720526
2902277
2019116
2520887
1881762
3330618
2648823
2884983
2625244
3131489
1776956
2620803
2359199
3369312
2487041
2390616
2698232
2589110
2401622
2177896
3351295
2391396
3430123
3054348
2252191
2677757
3382252
2837927
2283432
2730539
2638362
2423334
3353392
2750795
2175724
2569191
3397749
1850938
3191957
1787155
2410195
2413671
3172933
1900835
2822090
2550547
2655776
3328970
2925507
2898519
2323235
1647035
2221538
2772513
3094307
2850444
2447694
1690947
2582340
2409536
2459099
2025439
2954387
2079517
1716965
2921425
2961700
2455259
3384041
2974345
2803586
1704904
1923877
2768349
3338681
2659616
2834831
2545690
3077999
2464182
3278638
2703535
2852083
2799420
1658169
2738450
1932753
2440677
2661468
3444138
2066222
2489791
2116415
3354643
1615493
1866746
2538765
3289004
1874716
3042687
3303001
1940495
2870258
3432717
2772500
3029129
2088577
1665644
1834959
2373036
3151101
2947991
2411206
1900728
1845897
2744176
3451875
1845385
2527287
3228054
2374509
2748886
2897709
3074797
2772497
2398276
2340142
2018638
2390649
1943085
1838464
2595535
2363133
2639777
2085382
3322403
3408636
2268058
2821314
2546748
1641964
3282365
2976707
2490439
2937416
2312591
1994517
2347533
2417313
3201447
3139899
2798963
2561235
3247094
1889241
2464246
1637802
2594665
3030895
2081163
2270820
1947664
2979082
2754801
2374108
3026514
2768733
3315823
2421914
3227351
3085102
1727815
2259168
2479225
2175015
2588158
2110345
3396444
3304243
2738362
2697409
1628918
2592919
3403873
2383154
2248267
2566663
1675867
2889221
1889862
1964462
3350471
2074543
1903148
1973320
2502905
2430231
3240822
2155489
2918830
2964488
2003265
2211701
1717061
1720687
1725050
2694168
2625928
3161686
1846140
1620664
2672375
2689056
2797887
1907029
2969578
2972176
3035266
1779883
3409251
1638870
3403486
3280094
2372588
2817640
3424361
2441504
2802324
2086231
3321043
3377278
1868165
2360057
1932746
2600698
2166389
1655703
2232265
1890458
3392791
2550348
2230414
2655254
2895242
3168085
2925755
2358810
1677896
3299894
2516318
2177331
2478555
3073925
2910058
2663060
3416345
2433248
3370878
2359168
2756749
2732672
3291833
3133702
2178225
3027330
2703802
1923660
2934241
1769351
2612728
3406332
2887998
1822181
1779539
1843135
1944222
1950696
2757073
1944207
2240484
3418497
3104053
2755941
1890335
2157226
2504801
3316276
1801235
2730538
2430588
2547458
2258032
2185179
2839024
2366701
2843799
3016439
2777468
3132960
1680061
2995551
2917955
1828497
2433889
1680528
2934519
2494096
1899725
1850372
2891978
3432385
2704953
2625242
3135771
1675244
2374877
2902147
2531041
2827929
2461534
3060375
3409397
3118419
2651973
2323624
1597879
2782804
2560426
1686578
1782348
1767242
2240480
2550680
2699171
3176715
2534702
3039832
2010501
3159743
2884980
2475948
2684309
3335630
1632073
3123982
2863644
2440393
2363177
3056572
2168583
2867879
3438078
3324100
3370200
2964486
3271502
2847805
3432702
2641420
1825288
2234051
1669039
2671243
2374537
1622262
3286275
2909408
2413319
2812187
3272328
2856864
2111031
2758311
1810381
2538064
2903888
3090830
3139791
3039009
3273255
2888164
2506320
2459762
2373643
3273729
1594692
2624223
2396971
2628933
1842188
2833934
2411478
2666510
2792588
2240724
3386684
3017604
2965293
1661795
3247939
1889329
3050686
1822115
2250075
2933394
3292815
2533973
2624288
2868913
2060799
3286437
3214025
2370260
2361304
2636445
1801101
1623657
3394072
2392359
2372544
3089789
1693650
2016928
3315144
1944319
1890610
2873934
1781888
2310064
1835249
3431188
2430432
2062521
2402546
3115767
2162914
2569195
3433647
2642641
2152343
2622831
2619346
1671522
2462677
2124899
2951579
2936790
2839864
2925727
2219295
2590037
2390609
2542595
2606728
2448436
3404054
1862272
3143648
2043136
3338957
3451452
3153308
3011877
3153193
2513970
2924722
3418394
2640606
3086744
1799354
2850620
2673760
2206086
1934132
1937423
1895817
1882084
2849529
2282992
2287077
2853025
2811358
1826168
2775868
2007095
2909074
2692526
1794820
2506339
1803265
2854951
2755579
2086233
2479119
1851488
2586082
1824161
2924739
2763985
3016782
2470881
2818502
1828289
3212285
1960489
2597711
2850484
3440315
2534804
1956208
2265653
2369003
1928698
3424514
2360528
1668954
2729606
3400991
2032177
2025071
3127214
2467828
2883907
2984433
2802300
2439688
2445943
3121645
2403357
3078521
2639743
3438983
2357352
2088322
3133096
3246221
1896878
2522736
3090402
2891954
2415067
2408964
3083863
2039191
2834580
3266595
3341760
2236066
3030956
2396686
3218738
1873149
2088571
2194215
2187474
2703303
3245938
3143131
2532041
2572735
1816162
3398393
2443969
3295414
3147900
2371004
2358772
2332731
1703493
2301144
2386708
2402026
2915009
2894195
2267989
2264701
2836265
2752703
3262221
2724108
2080148
2525065
2517286
2403215
2174520
2494071
2179383
2634921
2557097
3406411
2079651
2436380
2494585
3386993
1672668
2915037
3084448
2258712
3127218
3123180
1798754
3417863
2842107
2110495
2894183
1796783
2354545
2891955
3165840
1743702
2740074
2689763
1847216
2086245
2649133
2706583
2670405
2706746
2038206
3144564
2187075
2748014
2903881
1590500
2348677
2735283
2948782
1792223
2346634
1666934
3259790
2698227
2797725
3262517
3178029
2926422
3314924
1733822
1663790
3378101
2522723
1932211
3138009
1669409
3422953
2885953
1652822
2946680
3148207
2604935
2078826
1656125
2746378
3161113
3211087
2312595
3300919
3150158
3028059
1686958
2757855
2257110
2376827
2953881
1724891
2250326
2995165
2687479
2833820
3215761
3152219
1887365
3235823
3200376
2440784
2594670
2374143
2937595
2737474
2486997
2863544
2363003
1829462
2022838
2470619
2527285
2522726
3084588
3360295
1851490
2513838
3335309
2957932
1710832
2382120
3280010
2435417
2737469
2975223
3030812
2816783
2549293
1697941
3343670
1858255
2925434
2584646
2560670
1901700
2777708
1816152
2747752
3092421
2756033
2514133
2611600
1657905
3218067
3358824
3388433
2447821
2935509
2911285
2203154
1809304
3250503
2298663
2346314
2291741
1810045
2880844
2552909
3406341
2391710
2395195
2744869
2086062
2231506
1843989
3160310
2437071
2863505
3397494
3403882
2272780
2599015
1809729
2966456
2142601
1974283
2519180
2360709
1648433
2668120
3374929
2086248
2933345
3420352
3117928
2999137
3399564
3136803
2423961
3125122
3017049
2562344
2178675
1675468
2365899
2675817
2922822
3204313
2855400
3133299
2657084
2296658
1830226
2240485
2280484
2176115
2344563
1951475
2941201
1690824
2218876
1845271
2005885
3438602
3088130
2929223
1846656
1630626
2968056
2742580
2082451
2508612
3180823
2198277
1720486
2637279
1779187
2700983
3439295
2639778
2268701
1803852
2119922
2916148
2581182
2533080
1767469
3309221
1754568
2445372
3171368
2463154
2801028
3346013
2937012
3077253
2673974
3195160
2952366
2995552
1614852
3019807
2120452
2130771
2571011
2404172
2674273
2193672
3237220
2252254
3155970
2264544
2524864
2875515
2109615
3225325
2304717
3418880
2072405
1683131
3209980
3048384
3073569
2914598
1957350
2741527
1679669
2146886
2736033
3431279
2367619
2827037
2273406
2405731
2432558
2983889
3258182
2929615
3296208
2472900
3224255
3395813
2182024
2706591
1776244
2354505
3389316
2504829
3337306
2388426
3224258
2698684
2754063
2562521
3424491
3158818
3424448
2826019
3333835
2430784
2298380
2430830
2196190
3068588
1940231
1886394
1799250
2821706
2297280
1710208
2353210
2164385
3036197
2606675
1723369
3382254
2759618
2847835
2379112
2032848
2664651
3443484
1773900
3368222
2248647
1673427
2083428
2796629
2586803
2834277
3114575
1706558
2361760
1658173
2937413
2908847
2627760
1810413
2560441
2475318
2215275
2876553
2380346
2563735
2478274
3081098
1939095
2570403
2433192
2360391
1851261
2185717
2481671
1768732
3328258
2363487
2425532
2613541
2457639
2675034
2762547
2604930
3024391
2186278
1828538
2314940
2222506
2361747
2370257
3108479
2141779
3434337
2609233
2882208
3034156
3033630
2979072
2822895
3147494
2794545
2325543
3104741
3254190
1631186
2013767
2690048
3070461
2962364
3166256
2804341
1649479
3406401
2214313
3016719
1735006
2490134
3171645
2412895
2470874
3166548
2285487
2930310
2884984
2745831
2465799
1846073
2494099
2294483
3302954
2590698
3218053
2778811
2607047
2735010
1649903
3070947
3023167
2276906
2316820
1959415
2823885
2324975
2212293
3325374
3120826
2742532
2926074
3382752
3092944
2612682
3388564
2624363
1733586
2884856
2389947
3023483
3373083
3238811
1862600
2607557
2805894
1873969
2760116
3118808
3134612
3416571
2821135
1660324
2691649
3179082
1636819
3028594
1667975
3221743
2775865
1744457
1701299
2207820
1741190
2499303
2565584
1776937
1763371
3313826
3073981
2451458
3259031
3356689
2497229
1658015
2250060
3070227
3123765
2515624
3397849
2420701
2358999
2334753
1815354
2485159
1666939
2836178
1686956
2720524
1901820
2634089
3354288
3024323
3050939
3281547
3220244
3080874
2565593
2130815
3257936
2485200
1845229
2467143
2994672
3075347
3422899
2198729
3070530
3101656
2337715
3394990
2551953
3396450
3425556
2255615
3430041
3268552
2024381
1675065
2603709
1851773
3302052
2705757
3152221
3193902
2574772
3191716
2946667
3083056
2345570
2748391
1829461
3146384
2954399
2678071
2491578
1822967
2416042
2946291
3224470
2876011
2412898
2363993
3192782
3270161
3402788
2715739
1733303
3238273
3146419
2526052
2322128
2291738
2528140
2925828
3166258
2222501
2470629
2312038
2115039
3409610
2491959
2149561
3102053
1653689
2472386
2144344
2074449
2291150
2995245
2498731
2837319
3448662
2926421
2170976
2186276
3354289
2696191
3193644
2086251
1965157
2854541
3090219
3319255
2863910
2414762
3178577
3047327
2642430
2873285
2391833
2211553
2267879
2276572
1693519
2762034
1961402
1974993
3396730
3086339
2715129
3348278
2985939
2692450
2839461
3144913
2158887
2392221
3389156
3444899
3403877
3194102
2882336
2445261
3235410
2249734
2474889
2516624
3107212
3023488
2408742
3374976
2657231
2160987
2085588
1813886
3236073
2050656
2410188
3414254
2816780
3429082
2366699
2112520
1839622
2630438
2203163
2684750
2589856
2603821
1828065
3085913
2951295
3443517
2193288
2108122
2190529
1777627
3231236
1851783
2824682
3154016
2207828
2534363
2415063
2797790
2379155
2689421
1734815
2910833
2578066
3042766
2923528
2405565
1706879
2458923
2193010
2196469
2757080
2627759
2416041
1775352
2187957
3135102
2967081
1850383
3158996
2668279
1967258
2607546
1709238
2030911
2950044
2894617
2911483
2305444
3366006
2202084
2495505
3090714
2469819
1707383
2683483
2701861
3278641
3313154
3219159
2675361
2241103
2535104
3043887
3043086
2342052
1971782
2759627
2036071
2949506
3043093
2638522
3354942
1628232
2438833
2912120
2883822
2208862
2378012
2270004
1795585
2803810
2279981
2450316
2760356
3118418
1731690
3296326
3284280
2914630
2963917
2760110
3264782
3329831
2781783
2811771
2688679
3025319
3384134
2789478
3416072
2214403
2749233
2538691
1646054
2245964
1623740
1894296
2944301
2311990
1802100
3448195
2761713
2459511
3379750
2447823
3258156
1934407
2760144
2124077
2994190
2152272
3368784
2637725
3451550
1955833
2709182
2438284
2885464
2583422
2491883
2255145
2278928
2579590
2581031
2679123
2300759
3355714
2413262
3073684
2810199
2593106
2773222
2313717
2758854
3427576
2839315
2818504
3178490
1789688
2772020
2652135
3334765
3192780
1895296
3181442
1794915
2680167
1831556
1809383
3114014
2241099
1817574
2266183
1833533
2033374
2578941
3062344
2178376
2406434
1736979
2033373
2469155
3358494
2791986
2891607
3353916
2551293
2758920
3116386
2960114
2786345
2765736
2538608
2477798
1841020
2853897
2733419
2786800
3142635
3245614
2310042
1746595
3255453
3267511
3368801
2063004
2757439
3174343
2625715
2858727
2345950
2571737
3050891
1870678
2245328
3421813
2928172
1759373
2811770
2128584
2510961
2876785
3090401
2989115
2530270
2319218
3417304
2657097
2616205
2584819
2509176
2355894
3400485
3117310
3309954
3248150
2570269
1673871
3202992
2444087
2449885
2917681
2206087
2430520
2678036
1771145
3428916
2518447
3362879
2519927
2624289
2585803
2194219
2752924
1938578
2185114
3448206
2342039
2081638
1931956
1680546
2167976
2360381
2277772
2122057
1725051
1828653
3169841
2130844
2942180
1868225
3356736
1675416
2697947
3142202
2978342
2555417
2821035
2369709
1956911
2311518
2393458
2157451
3290180
1815724
3326154
2697854
2919102
3189161
2600758
2492009
3354312
2690010
2940449
3406418
3133768
3073926
2357388
3150604
2446620
2711455
2474397
1672575
1656861
2505290
2280493
2971600
1934433
3181973
2185914
2569974
2885056
3020618
2754154
1858712
3179660
2560626
2318646
2578989
2158868
2501078
3372522
3014457
2469329
3155961
2607971
2533646
2300195
2635723
1945528
2503359
3442975
3365279
3082308
3297136
3449847
2228228
2933138
3151074
3331000
2428494
2385318
1734442
2195811
2573863
2054785
2183800
2988761
2534348
2639770
1669937
2393819
2986048
1939900
3285818
2479331
3385462
2866792
1806337
2637567
3052421
2198151
2360544
2395486
2385025
1699836
2841711
3039838
2705696
2067745
2773066
3186371
3400464
1639657
3190781
1836257
2961361
3434216
3102591
2681471
2960294
1718248
3425105
2189463
3335722
3112244
1675316
2733384
1904825
1834957
2901049
3415606
2197239
2414764
2672208
2433778
2559923
2183942
2516381
1742382
2069263
3185883
2110489
2514136
3430322
2522725
2502053
2332730
2427093
3394796
2627755
3138503
2610095
2361407
3370948
3143417
3047510
3346048
3173249
1680104
2985188
2781187
2171763
2767967
2367529
2993430
2092075
2996786
2359300
1716973
2782830
2697994
2318856
2733420
1811802
2735260
1650500
3049634
1838175
2756838
3279088
1960415
3274370
3440323
2568228
1705154
1927393
3069194
2208445
3160381
2173880
3363730
2378066
2252685
3450714
1866853
1697947
3258188
1874420
2351899
2501528
1885576
2393759
2874772
2051910
2684206
2543586
2829593
2917318
2842813
1778563
2781984
3126498
2255467
1887614
3182962
2583519
2703081
3399313
2811929
2805362
3386769
2422131
2997944
3110632
2379691
2997964
3356647
2177481
2183699
2823378
1803248
3263060
3316592
2162339
1746558
3302958
2538074
2491997
2767190
2529838
1668180
3191362
2378011
2625236
2888002
2203841
3057775
2961583
2578916
2336372
3219356
3357677
2066633
3060374
3069052
3122295
3363609
2861934
2674423
2172287
3143529
1805017
2252253
3382382
2887783
2966132
3345065
2766581
2281693
2564178
2737955
2049074
1732838
3342372
2764634
2772638
2757481
1973763
1763636
3320186
2504810
3199717
1842201
3440111
3424486
3350745
2411201
1849407
2340130
2518565
3444790
2605048
2772502
2292113
1908547
1820640
2599350
2218155
3247635
3368770
2361316
2848184
1860861
2800371
2275298
2588709
2332662
2039882
2412483
1943107
1786508
2392338
3420088
2658127
2397713
1661501
2826456
1725053
3428488
2167980
2392337
3440325
2702825
2340407
1804921
2373894
2917429
1775455
2423692
2256596
2855607
2734264
1688048
3382799
3225007
2593748
2483804
2924755
2336284
2321498
1607691
3019713
2924101
3176808
3431186
2685371
2464209
2596464
3393294
1655541
2804919
2880791
3255910
2844409
3077144
1890291
3391540
2602907
3432388
2799011
1802227
1679544
2165260
3435354
2371527
2186279
2577039
3430325
3428357
2853834
3017499
1813665
3208451
3296945
2166332
3032569
3118585
2450240
2452714
3048364
1681495
2620517
2597334
2990755
1734336
1613128
3277908
2976312
2431588
2925040
2385024
2495010
1713928
3006386
2342386
3393513
2643116
1751511
3402115
3382491
3067474
1620323
2144868
3372470
2377853
2265480
3173291
3403884
2225674
2240115
2143351
2380235
2602405
2746360
3188506
2824155
3302965
2341353
2389903
2620530
2581962
2855605
3430202
2847804
1945434
3276958
2520223
2193677
1856304
3073943
2615076
2613816
2494461
2065278
2257590
2261166
2891958
2215298
2819625
2781785
1666784
1714005
2286406
2024979
1663354
2291983
2865446
2899924
3283578
3198411
2551948
2211391
2628917
2411975
1951320
3176781
2061682
3189945
2801032
2828625
2383470
3173435
3432755
3128227
1630605
3303579
2416227
2832295
2504818
3179814
1851491
2283015
2599244
2704845
2391360
1725052
2243518
1793720
2501337
2541890
3303899
1682711
2372540
2681412
1926715
2367868
3202927
3438858
1649020
3218062
3183203
2461961
3179638
2878730
2740063
3116848
2604934
2542744
2505200
2964455
3412585
2185765
2791983
2645753
2674266
2737943
3246102
3106269
3175822
3147496
2360385
3325260
2119920
1907331
1975970
1951319
3340294
3010303
2780077
3396918
2185902
2887957
2928505
3418234
1837135
2413142
1999578
2983599
3121563
2057913
2925720
1682683
1925781
3212934
3014008
3218476
2197861
2657889
3349722
1948037
2665025
3159952
2880795
2240583
2564035
1661797
2522727
2176257
2222420
2561884
3173949
2578985
2913389
3115769
3439749
2480385
3390317
2964957
2751242
2040694
2363245
2920170
2673585
1897767
3313830
2344560
2369831
2300684
2609074
2922221
2252252
2405634
1812038
2844017
2756334
1688271
2819139
2270562
1947043
2232831
2786799
1822718
3415250
3144579
2625867
3173973
2256103
1802637
2469864
2718806
3376561
3338103
3431171
2778074
1681617
2894562
3213109
3244535
1752500
2374829
2739688
3081186
3282009
2932264
2621906
2165250
3285571
2973011
2495988
2744726
2955529
3156225
3423610
2474387
3267563
2644013
2661831
3097652
2120301
3398104
1651365
3302961
1709443
2963919
1678706
2315477
2937887
3036529
2496683
2650119
2559978
3177650
3214013
2679786
2163228
2881936
2819906
2535918
1816093
1633297
1705547
2449178
2440947
1870677
2127683
2420436
3155656
2205834
2763838
2469868
2859078
1820053
2017981
2297349
2018219
3269652
1821643
1731917
2759195
1666284
2633329
2426860
2945893
2085669
2446935
2282108
2517275
3123872
2671506
2157452
2166190
3197914
1817144
2684941
3419124
2512883
2463388
2689744
2774848
3028487
2504826
1896073
1872652
3279274
2405017
2850432
3287215
3423261
2134741
2680688
2250067
2370666
2344410
2758462
1639429
3430708
1758812
2844402
2966765
2772494
2795107
1713883
3143981
2474886
1638193
2823967
2389913
1659929
2773625
2872158
2680323
3369673
3012290
2480992
3269949
2676210
3215192
3086365
2178375
2855844
2573667
3213448
2665710
3361617
2664653
3010954
2323093
2745745
2775205
2766994
2398099
3246257
1844200
3079375
2735996
2956802
2461595
2010398
3047503
2251305
2498233
2742169
1884116
2347986
3440730
2624597
2796882
2756713
1753167
3079088
2612762
2649138
2642135
1830823
2946382
2371981
3343832
3106622
2312209
2917292
2626424
2964965
2377863
3302949
2592710
2316934
2387813
2961363
2383545
2353131
2853486
1875209
2936359
2115659
2348153
2194978
2706602
3139413
2044860
1759982
2028480
3269568
3208266
2290435
1893190
3131488
1642379
3105478
1973845
2743481
1868461
1889868
2316073
2949966
2205681
3289018
2954434
2521339
2192794
2614483
2759551
2921367
1936969
3382258
2781915
2401654
3137410
2803563
3200620
2650189
1709552
2554283
2521645
3389818
3350476
2618670
3430883
2558458
2884975
2942905
1939702
3272830
2842108
3006388
2926848
3377987
2496279
2176125
1935701
3147842
3199417
2472290
3373951
2891673
1816086
3312236
2857420
2560631
1651537
3075148
2300959
2535505
1841843
3155221
3304085
2851734
1789280
2126780
2610155
3172953
2279847
3382388
2585806
3250504
1725929
3183076
1852108
3084643
1960479
2514962
2871236
2429644
2818010
2379608
2371773
2692755
2654974
2632709
1626675
2657083
2677641
2993384
2521030
2345625
1639246
1847607
1862863
1973249
2764754
3422958
2446826
2537032
2594680
3317369
1798413
2640565
3356155
2370261
2874218
2879505
2767183
2643337
2240721
3127134
2762048
3114018
2789438
3402709
3042389
2955538
3196173
2540204
2318769
3377610
3101742
3440749
2015700
2602014
1905722
2935392
2813138
1877481
2971648
2194288
3403886
3343830
2084394
2493419
2433215
2464266
3246658
2443761
1669195
1690270
2816632
2998315
2518067
3392567
3056863
1813789
2362636
1692848
2365779
1638162
2853939
2876552
3246947
2336253
3360688
2754382
3253458
3252179
1852237
1657038
2595138
2183966
2247127
3135100
2733422
1934397
2873942
2654921
2396085
2404215
2190525
2240591
1955708
1729979
1666223
2109364
1677226
2733383
2881944
2441976
2608533
2694330
2392343
2465541
1839086
2124521
3079378
2388567
2458919
2630043
3320182
2730784
2834832
2610845
2498209
2758047
2814964
2681273
2152643
1823602
2180571
2459319
2625230
2629385
2395654
2466378
3367291
1925055
2958977
2403732
2803814
2015699
2299562
2640590
2448425
3024147
2739146
1941191
2181261
2440390
2607192
3324386
3207097
2916528
3251955
2983525
1900879
2166424
2449326
2329978
2791712
2772496
1948096
1995382
3258164
2488673
2974239
2198754
3087823
2807258
2786457
2277293
3089335
2286095
2557762
2051592
1840842
2555551
2233154
2406433
2896587
2670173
3004910
3410489
2149082
3084602
2493471
3064727
2731684
3066038
3066459
3430128
3309113
3377281
2686450
3448483
2961360
2919166
3413291
2166329
2252696
3076817
1934079
1861713
2499419
3387674
2318866
2654066
2510974
2703080
1839063
2198559
3272076
2596013
1731687
2829384
3166019
3370175
3202018
2772509
1724861
3321023
1997580
2253580
2299173
1734632
2155494
2154095
2905782
2546610
3069757
3120290
2380240
2892692
1935754
2205203
3256450
2662921
2545216
3300642
1853278
2787003
1817571
3435707
3067344
2419313
2820167
2625238
2264911
2625205
2109174
2124903
2187944
2594671
2724006
2467841
1672622
2162033
3186664
3399077
3105480
2999583
2742598
3436724
2416229
2197897
2562541
3390322
2620357
2629025
2883948
2232271
3106267
2536883
3370921
1941359
2370294
2376795
2236700
2678077
2816927
1743267
1752776
2887999
1661790
2494769
2844094
3432442
2988096
1938633
2494460
2283435
3265318
1807891
2710185
2833367
3292149
2599821
3207108
2418566
2126191
3369474
3355731
3257946
3189214
2478236
1931393
2445385
1630528
2383138
3218096
2177465
3066395
2583077
2110491
3202804
3411759
2489776
2285272
2374106
2831617
2529135
2369833
2829952
3166897
2253645
2638369
2672636
2967645
2251259
2606678
2167052
2613763
3108737
2164993
2685367
3421474
3432704
2086518
3374086
3389567
1706961
2158374
1671465
3286243
2267878
1664479
2949549
2870866
3039015
2653930
2985410
1691129
2594672
2065695
2754814
1682675
2899313
2364002
1800177
2594638
2433897
3115764
2841552
1930612
3159152
3173494
2828379
2266442
2741803
3031653
2579207
2245391
3175908
2572465
3285051
2373904
2044713
3147227
1885580
2638061
2639330
2485656
3184658
2459751
2766239
3166012
1718270
3039431
2681275
2156567
2649968
2963410
1868307
2647181
2950308
1686863
2586114
2737581
2111623
2681266
3156964
2209409
2209376
2378001
3256447
3165865
2510963
1673382
3253238
1935302
2088573
2069489
2157450
2518063
2516200
2873180
3382954
2194692
2734281
2393447
3189424
2876260
1819278
1875196
3286762
3368145
1731308
2212252
2607193
3052433
3086321
2959447
3449827
2970340
2543580
2054800
2249485
2515892
3144295
3445885
2610269
2581021
2125303
3030807
3406396
3147960
2113112
1637276
2309096
2162032
3245335
2341676
2151589
2430832
3270158
3254284
2401891
2249483
1769000
1854700
2777044
2603783
2511532
2693407
3058829
2573123
1824932
1882614
2770654
2464260
2953894
1678375
2190588
2727429
3136964
2389788
2168869
2387819
2037186
2503278
3215781
1960938
2188346
2427097
1691749
2217727
2167243
3435432
3323236
2683524
3251642
3176209
2203034
2897348
2427042
2950489
3406037
3086078
3024028
3386980
3022118
3007534
3139101
3322409
2699379
1753547
2283008
2628907
3172954
2906703
2332104
1782817
2777706
3243659
2085170
1955241
2649980
2386324
2705719
1955238
2414044
3222304
3262470
2439250
1767471
2528250
2874566
2608915
1837646
3251154
2964454
2410168
2574810
3429737
2130848
2850441
3207149
2833413
2865162
2548124
3405321
3358181
2871038
2876777
2246715
3398105
2654350
2979095
3427931
3430714
1896863
2054893
2822162
2687486
3383905
3391659
1822179
2935388
3335825
2538175
2499648
2194223
2198288
3192017
3395810
3227804
2028769
1666245
2629066
2184176
2437568
1734374
2134744
2817677
1636805
3393310
2085477
1838891
2766071
2751228
2961794
3376121
1907225
2862675
3026054
3170757
3314974
1788684
3136895
3127737
2781536
1620331
3099968
3006755
2423977
3185409
3133192
2352758
3261603
2113442
3030495
2085253
2130794
3354583
2514800
2347686
2970331
2164032
2757072
1656426
2988766
3224248
1842606
3420351
2663122
3068583
2148902
2636428
2157327
1657541
2300600
2498612
1655462
2654062
2731727
3279930
1854211
2809758
3253456
2401969
2591422
2887715
2448441
2855693
2499097
3308035
1710460
1828064
3108733
2643076
1723367
1690692
2220578
2195358
3014014
3158815
2869925
3385164
1828047
2884669
2323099
1633298
2642121
1890622
3155634
2741770
2682044
2816557
2200887
3320181
2499127
2774445
3201582
2361534
2250617
2502919
3304496
3329832
2839241
2266873
3116383
3169125
1860427
2900207
2437569
2514135
1802452
2371522
2448258
2698864
1725116
1642313
2536233
2215291
2742544
2368276
1924472
3348258
2803583
2240728
3416344
2501696
2311592
2926073
1829212
2321540
2372616
1636647
2465837
2848656
3234517
3018994
1868658
2335214
2139306
3179650
1935467
2925735
3182553
3221995
2778201
2942984
3170317
3198409
1640951
3027994
2769139
2855675
2691764
3137856
2077110
2551872
3216140
2636561
2209377
3116388
2861397
1955862
3169754
2398074
1903301
2637756
1862841
2377864
2612417
3261498
2795315
3261035
3430029
2574830
2483420
3156175
3397827
2186280
3183515
3323370
3126708
3424410
2229978
1783121
3374357
2492407
1895809
3129326
2978334
2420025
2527273
3014067
2894292
3406413
2371466
2689507
1875235
2609736
3229230
2415856
3079232
1890467
3190707
2417059
2515154
1772781
3166016
2201934
2391713
2911622
1812627
2245189
2752379
2236868
3326212
2982149
3399701
3074759
2410171
2383241
2743352
2461835
3059159
2067520
3196175
2409428
2068831
2638017
3396561
2187955
2520340
1857081
2167241
1654489
3081109
2722335
2260831
2074450
2353252
1980275
1887252
3363866
2651200
2252218
2498572
2595537
3279381
1857486
2584817
1646354
3389704
2571743
2351632
2588566
2650523
3410977
2507915
2904567
2431619
3207144
2522495
1740990
3444778
2785591
3020511
2115400
1697609
2976669
2385020
1860150
2252219
2369375
1611683
3017954
1740050
2550971
3252341
2603840
2301389
2406294
2698796
3095677
2203994
3166195
2735951
1847144
3284379
2224090
1686809
2398914
2850502
2189501
3450363
1996647
2751239
2188352
1860149
3189010
1900083
1651425
3105760
2402043
3435562
1703991
3090223
2362476
1853771
2366420
2547704
3048313
2114364
2856854
3064728
3445194
2505664
2218891
2393033
3392556
2276257
3147646
3429404
2179731
3379716
2620094
2840881
2742222
1675460
3268648
2417847
3425868
3245670
2661115
1932264
3394772
2533353
2691721
2288122
2243515
2203825
2591763
3294603
2751178
1955549
2520064
3060026
1624618
3221413
2911118
2469730
3337675
2197880
3411880
1863670
1774480
3068676
2774351
2735289
2421974
3208171
3115104
2952803
2774370
1736222
2858170
3272610
2405567
1707715
2374008
2417040
1815809
1845884
2797708
2662282
2746189
2117568
2931494
1882616
2493762
3370110
2469331
1995620
2109171
3418211
2487270
2382135
3315213
2674297
1664705
2554720
2928750
3259629
3446796
2722340
2203595
2694851
3258189
2616207
1792709
3320415
1900828
2857421
2373879
2166355
2432577
1928239
2280381
2033850
2614487
3431287
2007644
2839003
1780963
2162252
2385026
2511458
3218941
2370254
2165257
2442607
3239853
2993635
2691739
2028935
2896066
2638428
3426222
1776618
2381295
1980240
2686138
2555429
2151377
2194992
2165029
2501086
1651783
2815284
2935279
3118673
2251258
3014012
2339211
3144493
1774001
3001382
2895245
2054802
1673425
2694863
3093678
2509624
2818362
1862614
2963403
3432382
2181649
2647230
3340014
2836176
3264787
1782825
2243333
2849682
3400376
3421404
1856263
2434039
2690380
3431187
2847798
2174792
3305080
2622083
3231582
2305794
2920219
2329555
2387201
3301805
3023485
3061784
2880798
2201935
2425531
3408884
1740038
2757447
3382245
3347200
1629543
2071622
3426113
1655709
2285322
2071463
1815517
2314168
2240478
1671654
3173112
2590031
3188320
2036101
3380121
3333569
2990461
2786674
2937594
3391541
2873295
2792997
2359166
2124407
2490399
2361967
1789491
2484150
2550970
2541007
1713955
1817573
3415843
3433885
2583145
3349888
3349470
1711222
3249022
2518614
2839453
2577648
3005341
2166328
3200374
2953878
2262672
2492625
2215916
2466063
2166331
3131675
1767473
2803103
1822118
3027439
2819130
3135246
1677120
1717677
2555430
2607037
2252966
3063539
2855604
2618980
1829552
2933393
3154797
1775501
2276788
1895803
2413624
1958288
2383513
2629519
3105476
2585807
1822585
1710732
1899326
3209262
1903064
2677037
3252472
2332134
2922735
3158102
2449332
3095299
2973346
2336162
2834799
2050653
2293189
2549527
3107909
2941176
2559920
2069497
2960546
3113241
3266597
3263469
2863631
2589307
2549357
2842818
1812983
3433499
3139136
2885055
2496298
2240722
3220305
2612731
2977570
2624613
3237087
3236438
2581033
3261041
2826754
2675389
1762715
2511447
1715396
1784183
1707232
1927398
2895705
2542128
2561655
2874574
2929798
2053415
2166422
3299902
2240818
2310363
3165834
2834587
3137329
2963918
1845373
2881490
3409596
3259523
1664474
2928651
1710477
2691653
2796311
3150607
2541332
3219095
2270843
2155286
3177341
2508222
2570638
2360556
3395096
3444420
3259620
3006045
3119365
2204477
3364484
2417941
2050650
3072801
1892787
2304413
3292954
3446032
2752627
2123131
3300612
2446481
2127904
2504813
2966732
2970736
3266918
2263483
1867790
3115761
1728255
2378053
1690667
2454990
2584295
3422833
1926896
2334764
2502473
3403888
2395447
1670087
3332088
1760764
1675246
3373139
1783918
2314425
2568379
2214560
3210230
3384152
1738599
1650394
1973650
2533608
2540851
2607885
2711781
2640253
2990316
3110642
1776626
2372560
2073590
3291489
3035184
2344624
3072429
2515146
1673867
3117934
1975550
3081107
2550540
2193660
3402116
1666387
2110340
1684985
3431286
1950627
2829957
2871365
2639773
1994692
2568384
2612700
2355941
3273189
2403801
2122387
2494097
2086906
2395877
3164419
3438941
2421107
1705977
2348040
2994964
2601805
2220579
1953145
2060025
2458920
2639828
3438832
2202061
3152217
3257194
2577607
2790387
2360388
2786804
3336377
2750867
3063024
3194548
2718088
1804805
3101820
3131408
1665278
2976670
2372546
2754087
2803603
1617410
1688930
2798958
2866993
3402842
3252354
3047547
2255633
2573862
2626393
2933388
3246897
2411538
1901666
2896155
3126711
2254402
3406449
2581029
2496295
1679294
1666964
3266602
2307459
2993654
1724695
1820841
2292299
1734687
1649771
3404125
1737225
3356650
3034993
2841729
2051658
1639673
2254808
1847724
2141785
2908828
3172679
3432801
3413846
3406412
2205172
2980640
2357355
3081105
3175824
2847517
3411544
2694157
3451819
1817499
2612683
2439898
3219465
2507108
1903069
2490170
3191356
2985808
1728289
2710044
2811983
3397686
2974342
3014013
3148213
1669042
1625655
2880845
2397060
2373905
2492624
3313404
3084045
2891977
1581046
2616208
2604248
3149948
2472725
2548459
1842829
2739115
2177473
1674968
3394992
1736244
3192795
3191359
1869379
3027969
2349109
1910883
1980269
2989206
2255634
3354333
2130798
2198988
2594113
3413925
3169341
2464256
3356645
2864389
2160979
3308633
3218736
1655141
3140759
2495180
3421188
1785216
3067473
1857689
1757537
2505818
2164451
1761869
2852602
2241100
2992473
2432565
2660431
1828298
1812021
3303078
2430012
2496299
2307849
3061827
1822293
1883206
2774376
3088540
1833583
1658998
2425681
2389943
3141601
2170987
3410856
2935391
3065514
2314958
3255154
3410608
2530669
1938737
2578533
2919459
1779705
2743889
2736713
3053240
1655706
2203158
3018726
2496266
1819598
1899194
2946274
2042673
2780074
2504961
3161045
1696114
2146899
2148936
2694166
1697483
2975591
2506160
2839454
3278794
2590181
2508962
1844925
1653832
2047279
3231229
1825243
2698230
2363692
2032101
2622835
2160770
2279204
2494464
3287698
1781305
1870960
3431126
1657962
2813581
3011366
2835570
2803576
1950373
2620036
3130381
3282224
3211225
3139172
3339806
2408959
2053336
2399939
1926595
1659999
3351299
2964487
2842016
2686563
3334762
3134869
2746361
1669422
2054012
3376506
1825225
3357738
3002395
2459943
3424372
3308573
3175456
2256617
3273211
3245339
2043761
2086682
2509178
2872769
2589442
2387640
2962093
2367999
2593759
1647007
1741193
2654073
2149537
2324890
2319369
3126673
1819059
2762033
2638370
2059372
3190406
2732822
2155795
3434518
3445698
2634098
2592709
1704696
2801965
2453712
1695825
2875016
2397059
2348536
3139168
3207146
2043744
2746854
2453360
2767187
3273668
3442877
2818363
2857753
2994183
2407020
1859820
1931284
2837694
2564030
2648547
1808564
2541150
2583423
3101743
3225290
1867878
3180536
2712369
3255032
2958085
2897965
2030218
1935461
3121646
3420618
3151073
3326150
2371112
2716097
2890323
3245360
3251427
2624277
3363670
3397795
1646433
3147233
2290223
2051589
3386985
3406392
2309272
2140122
2965246
2345546
2405420
2049169
1680401
1870575
2303790
2215340
1932016
2353515
2695384
2182335
3216788
2394216
2625243
3156244
2583370
3034990
1829527
1962508
2597596
1780586
2036123
2569007
3284546
1835961
1755024
1811713
1941005
2554273
1675252
3440829
1786399
1782835
2485692
3414590
2548365
3392551
2817102
2318771
2372604
1636814
1856316
1940941
2464239
2090135
3201327
3009412
3016090
2664657
3200168
2859846
2327944
1910354
1792269
1923919
3271166
2917631
3222620
2765415
3409399
3068573
3179086
3412678
3009343
2425770
3388101
3251151
1907796
2261805
2839645
3083865
2584563
3219463
3065523
2182027
2194642
2942291
3239882
2430077
2271914
3269948
3106268
2695383
2524917
2403343
3202631
3416692
1791439
2634365
1926993
2678755
1671166
1701229
1703079
3224651
2064382
2364588
3284696
2663608
1945490
3432488
3370743
2203451
2890443
2866043
2230434
2789279
2130845
2964944
2068106
3042194
2723265
1636821
2845987
2738331
2816568
2249854
2756790
1740007
3157612
2251127
1634039
1967591
2766057
3431877
1727248
2855870
1957053
2893018
1801241
3415747
2765348
1888169
3169342
1670819
2963785
3127753
2581463
2595531
2806541
3333653
1963142
1775460
2363154
3382360
2855292
1736393
2537341
2790220
2535995
2820728
1728440
2381640
1654487
2589317
2918827
2573575
2737138
1853789
1824168
2360375
2345534
1758464
2062515
3340011
3351522
3014229
2579390
2707114
2578937
2756463
2787178
2495510
3110863
2950981
1694107
3207104
2756764
2514986
1899995
2540864
1807298
3386116
1655502
2205189
2438744
2278619
2648391
2162915
2749024
3214791
1935232
3023486
2219720
2051978
2595859
1684779
2727844
3194027
2589734
2825966
2089596
3295736
3318717
2469663
3406419
1746567
3389202
2509643
2968697
3093684
2639144
3148173
2487316
1649016
2696957
2768734
3425174
2688113
2081354
2937481
3155969
3205436
1818765
2134720
3201217
2685020
1694044
2243096
3061776
2364582
1820088
2945404
2465927
2294704
3391821
1936229
1618513
3028208
3241867
2703304
1838593
3029131
2649961
2507460
2427104
3400964
2618945
1678300
3089793
2201969
2384827
1664473
1634023
2373790
1752729
2329227
2039306
1999013
1995611
2976664
2475691
2259477
1960525
2050034
3422922
3371444
2361319
1837610
2772511
2518857
1772402
1771737
3369305
3284061
3188655
2797883
2241102
3138647
2515852
1601821
2877639
3335313
2868857
3025959
2155493
1950698
1773552
2744616
2471053
1640053
1812035
2371626
3406942
2995548
2297956
2342384
1789630
3014565
1932757
3342668
1655534
1740574
2742120
1649488
2498991
2277633
3360187
3224174
2399701
3121558
2625405
2484364
2516557
2791707
1732549
2465838
2326208
2050649
3102592
1777193
3319848
2665072
2810206
1756731
2518452
2798961
3375608
2679542
2507918
3428484
2405061
2769751
1937144
2676552
1661297
2730855
2730599
2175455
2182943
3329654
2838669
2695901
2508275
2427105
3233498
2166206
1909798
1889314
2368020
2760465
1718257
2250681
3400492
1894011
2772374
3238411
2376800
3143112
3077777
2243056
3441643
2470863
2448796
2227867
1847212
2578934
2391545
1791393
2831959
3187810
2775867
2991185
2986212
2402738
2445703
3131398
2773143
2500403
3118784
2813657
2251306
2778077
2082441
3092428
3294621
3200223
2109374
3271920
2120451
2472289
1897639
1596020
3426567
3279934
3154422
3226896
1801650
1617213
1955066
2374222
1680542
3121957
3267505
2006307
1739710
3278809
2852600
2374134
2353588
2575927
3154304
3339907
2958451
2692205
3116840
3017605
2936360
2917474
3377447
2166727
2931481
3271945
2500366
3396731
2644151
3182303
1955877
2441685
1861627
2337713
3246647
2732469
2934838
2230435
2430902
3395493
2875011
2780551
2631055
2897298
3080880
2437579
3059912
2161781
1844874
3251110
2855732
1973823
3078998
2197894
2176120
2270163
2221857
1865548
2229929
1639571
1897243
1694389
1720521
2804622
3404835
2660579
2080016
2889868
1713698
2976318
2372620
1675866
2841231
2834834
2947945
3444197
1730420
1946851
3245338
2192059
2444286
1733775
2634766
1907391
3384616
3020165
3406310
3018738
3191718
2533955
2134743
3335632
2149083
1802508
2400905
2048166
2166388
2220576
3079462
1887250
1841422
3196371
2882555
1639252
2402411
1635706
1868469
3168032
3428596
2946278
3317382
2203162
1763310
1907401
3427971
2308602
1936978
3157651
2386259
2939642
2418182
3396756
3046394
2974607
1697627
1842441
2721061
2506867
2415651
2640548
1726144
2192535
2911478
3292151
3321782
3249817
3379798
2431587
1543631
1822352
2868884
3218741
3147967
1886415
2914592
2737501
1825385
2954427
2305772
2264702
2520977
2480564
2706605
1654393
2009919
2391408
2796592
2608526
3218462
2931780
2638062
2874216
2446624
1892104
3106611
2959119
1643425
2432793
3121956
2031623
2772814
3435988
2265783
2068725
2750794
2917946
1677414
3257135
3071693
2589310
2223349
1906392
2929232
2280427
2218140
1886262
2906260
2964938
3010398
2534699
2654342
2574740
1857642
2985160
2884313
2839942
3057830
2241966
2745349
1802717
2504482
2948625
2976662
2359707
2990225
2192458
2594106
2677247
3423148
2615381
2344850
2318770
2887098
2846843
3325675
2728030
2209356
2341675
2243541
2344854
2192793
3375077
2426803
3328376
2495179
3039028
3056864
3451330
2435090
2552333
2919458
2552137
2808650
1783925
1858034
2606673
2197901
1680548
3141598
2390660
2614485
3430872
2534076
2807536
3177647
2977614
3279820
1666239
1675221
1666631
2036899
3400989
2416247
3343154
3220257
2189952
2671242
3050942
2849641
2612699
2844434
2468695
1925794
2733762
2549344
1651416
2264711
2973856
2428493
3324665
2600623
3259527
2176236
2191664
1708029
1789729
3108610
3209846
2953490
3127217
2281002
2041632
1827116
2446812
2175828
1653454
2401754
2472726
2421921
2626441
3356146
2641554
1897760
1651535
2766471
2373888
3424564
1864384
2781777
2350318
2572814
1858219
3077252
2890834
2968694
2241151
3089820
3410865
1995393
2707491
2004315
3146043
2999053
2563635
2203976
2443763
1658864
2124406
3449526
3031804
2626058
3261906
2817945
2811322
2387623
2165018
2228974
2620398
2560624
2533954
2957345
3021659
2201938
2548055
2024817
3422829
3139943
3036636
1903519
3047604
1691494
3392852
3421644
2206074
1850314
1670792
2154074
2243857
2465465
2384642
3213652
2072035
3292811
2805069
1828241
2687007
2928500
2375750
3106309
3253435
3207957
1836975
2914678
2775995
3398059
2363006
2902273
3189426
2044584
2553454
2678394
2510783
2128112
2607451
2672357
2824842
3087727
2357405
3440778
2414037
2651630
2875251
2679868
3117751
2387057
2577418
3173350
2445288
3122334
2653487
2884978
2740022
1847911
2757448
2192836
2639496
1662298
2335093
3293382
2214637
3071238
2786802
1753637
3177581
2197240
2328725
2466564
2050711
2485173
1899799
1947305
3409281
2526629
2241126
3062359
2209583
1696959
2660575
2266817
3071458
3161311
2335266
3355739
2252317
2347121
2573130
2348046
2914567
2505995
3229629
2646281
3136103
3191510
2959298
3207970
2594673
2729848
3283439
3379688
2395389
2291754
2905055
1727235
2797714
3227353
1684900
2625240
2577645
2968733
3321789
2484847
2498386
1853275
2386100
2699269
2290238
1736117
2778530
3190695
2502807
2847795
2925372
2736349
2853908
2790662
2328421
2951571
2821182
1634384
2622238
2997977
1835829
1783869
1839361
2214587
2321151
2351065
2396146
1781657
2870170
2708488
1671653
2413791
1805327
1867820
3052435
1734341
3199508
2380934
1657042
1649770
1829130
2137895
2868430
2389498
3396914
2527745
2827428
1687854
2502080
2967661
2803584
2255591
3452118
2976651
2372584
3352177
3434890
3330907
1654218
1712579
2301449
2119894
2430827
2781987
2440948
2254041
2176096
1737097
1853281
2467850
2472722
2195815
2118509
3166758
2184820
3430408
2086859
2352368
3025128
3411958
2302181
2812177
2346675
2650385
2663107
3264794
2323375
3373074
1947538
2768142
2503841
1843999
2412899
3414358
2302179
2929229
2976781
3034992
2934423
3237364
1648820
2763832
3253618
1722923
2352044
2786619
2248456
2688897
3125593
2690731
2871197
2883950
2826370
2538171
2254786
2278247
2548633
3349846
1714048
2924685
2023746
2780069
3438764
2959791
3102115
1936124
3339954
1681823
3247686
2560627
3421606
2834584
2418127
1711766
2241601
2762668
2891976
2395029
2348545
3007275
3028032
2827542
2749260
1849015
1659957
1851226
3234436
2091385
2830682
2442353
2591406
2616204
2917285
2876344
3299825
1837819
2126634
3348595
2235219
3390994
2899034
1744395
2293194
1671494
2582335
2348666
2579206
2501176
2566535
1839344
3017092
3124041
3220160
3113926
3399239
2115859
2131591
2955257
3081100
2304239
3200622
2527284
3317013
3005545
2846848
2455384
2805068
3247099
2033209
2421934
2907824
2773933
2685328
2626431
1842207
3086645
2761597
3302211
3154420
2829594
2786034
2472392
2226079
2459349
3204249
3152220
2373868
1660870
2128554
1795978
3234826
2124831
2502935
3435355
3364565
2998309
3139171
1763274
2948631
2560330
2353283
2499144
3196295
2381304
2814196
2495013
1847180
1693828
2501695
1894089
1810456
2695376
2429522
2378055
1649497
2801446
1661494
1630934
2124296
2345811
2241148
3121638
3053159
2441253
3031638
2393879
2126925
2157645
3126707
3129322
1703483
1653010
2785896
2328170
1947183
2662023
2744564
2175684
3033026
3321044
3325221
1710205
3200619
2546445
2081129
2837322
1854178
2215475
2605741
3343172
3356761
3242305
3155702
3306742
2941496
2444362
1964655
2025289
2621101
2654518
2495136
2757449
1638961
1653436
1822329
2086238
3014059
2505992
2332690
1792907
2312592
2360303
2388741
2507784
3084589
2642427
1842407
3424994
3432254
2242164
2762043
2390653
2390617
3211395
2553543
2932794
2970699
2415229
3443042
2041691
2374100
3113349
2831537
3175392
2499126
1828222
3429141
1868465
2292093
1820883
1951431
1654368
2559903
3380583
2714973
2568284
2243092
3302229
3343159
2491369
2029696
2902412
3107163
2579412
3432372
3089965
3369708
3390520
2180933
2568616
2825615
2611464
2907623
3277476
2925709
2020494
2784192
3414981
2901463
2765029
1894099
1684501
2583413
3204852
2439184
1617382
3051546
3393281
1794666
2527283
1870509
2734163
3107977
1694110
2401951
1882889
2049162
2275247
3128463
3433586
1907390
2170195
2753869
3138976
1958137
2171754
2556357
2883953
2188340
2829953
1958763
3144583
2016446
1675335
3018422
2601355
1826691
3338419
3267799
2842030
2524811
2736736
2281416
2976272
1647011
2470882
2865309
3068587
3354186
1744643
2074451
3078626
2833572
1838126
2523193
2215271
3406326
2781778
2250595
2194122
1661796
2416228
2433896
2417935
3069206
2495992
3156739
2088017
1933080
2331755
2874565
2770519
1934393
1663756
2713940
2766584
1677096
3273067
2034469
1662566
3396779
1694486
2508342
1814205
2877092
3295748
1943269
2162446
2796584
1660349
2279773
3273257
2905448
3247096
2546745
2922708
2004257
2028932
2592924
3362144
2177497
2165780
1851325
2864037
2973610
3104877
3067127
2950257
2171750
1668065
2654124
2494866
1783839
2372558
3450134
2689743
2801966
3158101
2160141
1929956
2367481
2019726
1853384
2543810
3382236
1738922
3354314
3257180
2357129
3428597
3116387
3281107
2280497
2671459
2952410
2910832
2973786
2417303
3436895
3043853
2952805
2176097
2839854
3342664
3203174
2450393
3276953
1941744
3107162
2246562
2541889
2778051
2043437
2198149
2672795
1672597
3025324
2165259
3147963
3363655
2989129
3119448
2582980
2075359
2736756
1666071
3194019
3279648
2298938
2509239
3269007
3089787
2585908
3230133
2791405
3224236
2605358
2340245
2866562
2764998
2401623
2307331
3094122
3348264
2544915
2347534
3194461
2066630
2710673
2109628
1770993
3433666
2665606
3198413
1909797
2955998
1743880
1835830
3215637
2032085
2694893
2666540
3061821
1868612
2493476
1666759
2700977
1959698
1683403
2257898
1841449
3404909
3429405
2702686
2124904
2110493
2427333
2115741
2248650
3150514
3244239
1684880
2790392
2047762
2843745
2821183
3006033
3047600
3258178
2721682
2056727
2458168
3378031
2168571
2174094
2320824
3307393
3074795
2599740
2958953
3246222
2136354
2907488
2162028
2946277
3094562
2367626
2240482
2605483
2257271
2878950
1805661
2360941
2022841
2165777
2607186
3273723
3068586
2895346
2670518
2379529
2845976
2141156
2661849
1949015
2050395
2522468
2566567
2406084
2264968
2488320
2496290
2108139
3418970
1959990
2300503
3423847
2387094
2417630
2884655
2782828
2695973
2179512
1665735
2645588
2934055
2162314
3171465
3026189
3177348
2507364
2589301
2434355
2808667
2437080
3245941
3318229
3024400
2209944
2937593
2519217
1675075
2589737
2674051
3266446
2225512
3131401
2585805
3278532
3173434
2364346
2109172
3435760
2989915
1847725
2478244
3192204
3207143
2847207
3267500
2981203
3368769
2407279
1844156
2951518
2861269
3200496
1663140
2901519
2778855
3349555
2398925
3433629
2827852
2461743
1607445
2074538
2525401
2126640
3166017
2716219
1728187
2181053
3170076
1886606
2368280
3418824
2807930
1668450
2310136
1903479
1762726
3205943
2731427
3134613
2292296
2625861
3108484
2590176
3201781
2919879
3399831
3390901
1791400
2405626
2429635
1833468
2959745
2220442
3166268
2773881
1865920
1822361
3183575
1874685
2963425
3084201
2562468
3279854
1673731
1910794
3274795
1740220
2961359
2322590
2795820
2537753
3378735
2353448
2512218
2395872
2270349
3302213
2638374
3416841
3034826
2390620
1909237
2430438
2764764
2670553
1714567
2166421
3431567
2514978
3060510
3390293
2945111
2427078
2776379
3164941
1858092
1590490
3042393
2602068
2316507
1650749
2112498
3213968
1642317
3428394
2826033
2268718
2388608
2632678
1738342
2635717
2194955
2318456
2258039
2656762
2323367
2263065
2651294
2435966
1868460
1909348
2781765
2361821
2797715
2953487
1740723
1810844
2377720
3115257
2380267
2582306
2987418
2168499
2294150
2389799
3263699
2427653
3186349
2327809
2937013
2848190
2745858
2380539
2367201
2910825
2614486
3378000
2638141
3032598
1794129
3035185
2866078
1939833
3392657
2597751
2715281
2355339
2310793
3427594
2545557
1807023
2686545
3147544
1930631
2560622
3296480
2720897
3192684
2625245
2444289
2436382
2286096
2464200
2086579
3374599
2966764
2902275
2260771
2168870
2141593
1821646
3030509
2229287
1879496
1866744
2559907
3416131
1729555
1846477
3377290
1795972
2376799
2039552
2729933
2454277
3429964
2475945
3280023
1927896
3092419
3447736
3148529
1980291
3246223
2475963
2312887
3197371
1793013
3218058
2497078
1958419
2766051
1839350
3078490
1843133
3159154
2498953
2637613
2876060
1673896
2829950
3116843
2438011
1671165
2855623
2690385
1661760
2474890
2217404
3039814
1732855
1890864
2819908
2330892
1939180
2895679
2854277
2959520
2670219
2732746
2174562
2139754
2227779
3414251
3436171
2791421
2345540
2268765
2519909
1710300
1693821
2964844
2479332
3313965
2655779
1811049
1829442
2668899
2317920
2745416
1645036
2291956
1743841
2656760
2560058
3063114
3254840
2440396
2194989
2649410
2217625
3261038
3336381
3397728
2521034
2744992
2762049
2369742
2162338
2145064
3198167
2624938
2857288
3335511
2339200
2494463
1726006
2740086
2756442
1836847
3038219
2131784
3208014
2091223
2735995
3438922
2280868
3377319
3184271
3174250
1710829
2514581
2130281
2748193
2437575
2294701
3451918
2518066
2502482
2833802
3321642
2885463
1660369
2359015
3019707
3006261
2953880
2847802
2219800
2466071
3193254
2115772
1655708
1655408
2275211
3396002
2829598
2624232
3286350
3360186
2518837
2797868
2705707
1958445
2607929
2088430
1707416
3384788
2795180
1751380
2536035
2739195
3281050
2255906
3059482
2480181
2205224
2249106
2456575
1812044
2501700
1634383
3246909
2859294
2651206
2354211
2980485
1882105
2251343
2389168
1845290
2597609
2321364
2707517
2197883
3194025
2563268
3297134
2618955
1789955
1943412
3280330
2672649
2854662
2511103
2797014
3064353
2434219
3211045
1801100
1956582
1889859
3061822
2480941
2828374
2588570
3401930
2063314
2198533
1735667
2291749
1742920
2061699
2686651
2811665
2634919
3129449
2937015
2947898
2890862
1829044
2180239
2337681
3387837
3429714
2459314
2939224
3314970
2607547
3136804
2551556
2479199
1945371
2460545
2496289
3093279
1710678
2377694
2358994
2451332
2215508
2929302
2413144
2996707
2560630
3432767
2415838
3452002
2117565
1907737
2511729
2594617
2778408
2757158
2858993
2162917
2065285
2405949
3438768
2443982
2984658
2620097
2254040
2403056
3074061
3003942
2303209
1692054
3217018
2481425
3081134
2765954
2609952
3108190
1971981
3369767
2226883
2893583
2385967
2185768
3125721
2585789
1695291
2150668
2344372
2062549
2489348
2361762
1843510
1832926
2486864
2393758
3389223
2120445
3442366
3155222
3403889
3025977
2533978
1952152
1816176
1787242
3429205
2435967
2313395
3416346
1775588
2716129
3370866
1837881
1824592
3022900
2733463
3117969
3142646
2256818
2921634
1664706
1677144
2580465
3039190
3274949
2736157
2507484
2054797
2664074
2672813
2475817
2839451
3156965
1890624
2617998
2784213
1808213
2901715
2834919
3195585
1670166
2853491
1752038
2973861
1758764
2990848
3155775
2391750
2784241
2618957
2578070
2839860
3081108
2803601
2444361
3169825
2619352
2781163
2767988
3102559
2389152
2989463
2394808
2831053
2925718
1802084
1663425
1930603
2918843
2318070
3063196
2521328
2956798
2378054
1910942
2494459
2158917
3004358
3231323
2345330
2770113
2654351
3246966
2203102
3173113
3027223
1859815
3116833
1851772
1887234
2852598
2906262
1872654
3180958
2555426
1862034
2231654
2235373
2024803
1935588
3450671
3255330
2389143
2887784
3451637
3131708
2175674
2445290
3043447
3403881
2957260
1944868
2302823
1660751
2985602
2709585
3350581
2804028
2235682
2896016
2329488
2744762
2946738
3189017
2616594
3427512
1772712
3423022
1659105
1889325
1945039
2367627
3251796
2602954
2926183
2383462
1866606
2250055
3130340
2518449
3082462
1793687
3413673
3220332
2499321
2086247
2365785
2951575
2706590
1744795
3203212
3385536
2362561
1824059
2123957
2578022
3010069
2272912
3061810
2525094
1889866
2332985
3292798
2088364
3211157
2988609
1643643
2389786
2821017
2666357
2284210
2405524
2631809
2850882
2291981
2249756
2506022
3260601
3060511
1799953
1777213
1727898
3356758
2406953
3127638
2522207
2501525
2655391
2970905
3097241
2550968
2053421
2000161
2494085
2926063
3103220
1862190
2971302
1997686
2169105
2530520
3424411
2063468
2498984
2516571
1907137
2164077
3447441
3032572
2622671
2727287
3153158
1709635
2914576
2757854
3057018
2976711
2675765
2161910
2347687
3141599
2895650
2755288
2242658
2503927
2621186
2341257
3272327
2921374
2927797
1850929
2395650
2494778
1859260
2276707
3111367
3023109
2922801
2242665
1744802
1825943
2675789
2182388
2541336
2410796
2241575
3106272
2059225
2801470
2211200
2071234
2596389
2050703
3440498
2412179
3447909
3172215
2389460
1887230
3425000
1781977
3445699
2974283
2499724
2452997
2272779
3349577
1706763
1830824
2947115
1866547
2367669
2844090
2069308
3161535
2346253
2130371
1795256
3288864
2689742
2174514
1885089
2016029
3192674
2731693
2196122
3360485
2125804
2736010
3074798
3050885
2351194
3448887
3085994
2883909
3029663
2521771
3061415
1758413
2170352
3376617
2512319
2737080
2054798
2464261
2015702
2583510
2240483
2727645
2772499
3256436
2361815
3250347
1650219
1703374
2335712
3215461
2764067
2637229
2308507
3403305
2370235
3020166
2454455
1685047
2552913
1868495
3399076
1853261
2677756
2508610
2607932
2312596
2757229
2872122
3255913
2081581
2812494
3225003
1902917
3421599
2988178
2562385
3103584
1998174
1910708
1843198
2530671
2465468
2166334
2507917
2469330
2172333
2585788
3436546
2930830
2672046
2961035
1675795
1875151
2164765
3326208
3089824
2409952
2436803
2470880
2480256
2518188
2824146
3138005
1720661
2578079
3249814
3266920
1796591
2558092
1662229
2391749
3182011
3414092
2598587
1961727
2941830
2392181
3214043
3120954
1761841
2317917
1873305
3256497
3428260
1910470
2459275
3132858
2938815
2910044
2716141
1852737
2207160
2518830
2916782
1803000
1637987
3151485
1723924
3127952
2314172
2866235
1805873
2531601
2532224
2684320
1661216
3170534
2122973
2390708
2646154
2518135
2375951
3121712
2663604
2603741
3025325
2868883
2927794
2558355
2163230
2657236
2494057
1627943
2383472
2536454
1868009
1841393
2065272
1780642
3282140
2873706
2938625
2741802
2142852
2429377
2345632
2196699
2262740
2740809
2737971
3108483
1697476
2594677
2662820
3054548
3335311
1909006
2827828
2757443
1870676
2247253
3361750
1792943
3158990
2045976
2285315
1720147
3220742
3172812
3017917
2846221
2159173
3339700
2404198
2798218
3203176
2832738
2348541
1666787
2858601
2854280
3360265
2959968
3405698
2989447
3337732
3081102
2783524
1673435
2496265
2640539
1845779
2919476
2298932
3012279
2532326
2741511
2391409
3446799
2725820
1959678
1620821
2281273
2499311
2111039
2957397
2711065
2129928
2512844
1735553
3423648
2449173
1640957
3400742
2297641
2573899
3368645
1972535
1857577
2757085
2848240
2298936
2967668
2733385
1810329
3216236
2447816
1834131
2717902
2605426
2748987
1709593
2990344
1957645
1658026
3354185
3173111
2312900
2240527
2494771
1789286
2409955
3014577
1661799
3287586
1796235
3067639
1894856
2159257
3018427
2381657
2939643
2822103
2889509
2267991
1618522
3280727
2268511
2080625
1853277
2363141
3063018
1704942
2392229
1626905
2730481
2740619
2697269
2947055
1820656
1935466
3432439
3281327
2832970
1673733
2790221
2757091
1698092
2896733
2344623
1824009
3345060
2778072
2726205
2727413
1787526
2539446
3061985
1693494
3034827
3378517
2224019
3252548
2560757
2392322
2602013
2989220
1720006
2776685
2682091
2170222
2572630
3166193
1712657
2053787
3216143
2689412
2332480
2059038
2831052
3356651
2989729
3115250
2431568
1879668
1882130
2646463
2823886
2767775
2181822
3279661
3257510
2862897
3181063
2885937
3178929
1808029
2296073
1855404
3341038
2406424
2491159
1862879
2480187
1828699
2992975
2801033
2831047
2080589
1824797
2949104
2993380
2363240
2351419
3225287
2527286
2481862
3359578
3400988
1839964
2995170
2373779
2217605
1890623
2466086
3128466
2743468
3077442
2348531
2747223
2897720
3179642
2794124
3251423
3071534
3136802
2875479
2568992
2578036
3133712
2743936
2331881
